[INFO|2026-08-03 04:53:03] llamafactory.hparams.parser:523 >> Process rank: 0, world size: 1, device: cuda:0, distributed training: False, compute dtype: torch.bfloat16
[INFO|tokenization_utils_base.py:2066] 2026-08-03 04:53:03,763 >> loading file vocab.json
[INFO|tokenization_utils_base.py:2066] 2026-08-03 04:53:03,763 >> loading file merges.txt
[INFO|tokenization_utils_base.py:2066] 2026-08-03 04:53:03,763 >> loading file tokenizer.json
[INFO|tokenization_utils_base.py:2066] 2026-08-03 04:53:03,763 >> loading file added_tokens.json
[INFO|tokenization_utils_base.py:2066] 2026-08-03 04:53:03,763 >> loading file special_tokens_map.json
[INFO|tokenization_utils_base.py:2066] 2026-08-03 04:53:03,763 >> loading file tokenizer_config.json
[INFO|tokenization_utils_base.py:2066] 2026-08-03 04:53:03,763 >> loading file chat_template.jinja
[INFO|tokenization_utils_base.py:2337] 2026-08-03 04:53:04,003 >> Special tokens have been added in the vocabulary, make sure the associated word embeddings are fine-tuned or trained.
[INFO|configuration_utils.py:763] 2026-08-03 04:53:04,004 >> loading configuration file models/Qwen2.5-3B-week3-best-merged\config.json
[INFO|configuration_utils.py:839] 2026-08-03 04:53:04,004 >> Model config Qwen2Config {
  "architectures": [
    "Qwen2ForCausalLM"
  ],
  "attention_dropout": 0.0,
  "bos_token_id": 151643,
  "dtype": "bfloat16",
  "eos_token_id": 151645,
  "hidden_act": "silu",
  "hidden_size": 2048,
  "initializer_range": 0.02,
  "intermediate_size": 11008,
  "layer_types": [
    "full_attention",
    "full_attention",
    "full_attention",
    "full_attention",
    "full_attention",
    "full_attention",
    "full_attention",
    "full_attention",
    "full_attention",
    "full_attention",
    "full_attention",
    "full_attention",
    "full_attention",
    "full_attention",
    "full_attention",
    "full_attention",
    "full_attention",
    "full_attention",
    "full_attention",
    "full_attention",
    "full_attention",
    "full_attention",
    "full_attention",
    "full_attention",
    "full_attention",
    "full_attention",
    "full_attention",
    "full_attention",
    "full_attention",
    "full_attention",
    "full_attention",
    "full_attention",
    "full_attention",
    "full_attention",
    "full_attention",
    "full_attention"
  ],
  "max_position_embeddings": 32768,
  "max_window_layers": 70,
  "model_type": "qwen2",
  "num_attention_heads": 16,
  "num_hidden_layers": 36,
  "num_key_value_heads": 2,
  "rms_norm_eps": 1e-06,
  "rope_scaling": null,
  "rope_theta": 1000000.0,
  "sliding_window": null,
  "tie_word_embeddings": true,
  "transformers_version": "4.56.2",
  "use_cache": true,
  "use_sliding_window": false,
  "vocab_size": 151936
}

[INFO|tokenization_utils_base.py:2066] 2026-08-03 04:53:04,007 >> loading file vocab.json
[INFO|tokenization_utils_base.py:2066] 2026-08-03 04:53:04,007 >> loading file merges.txt
[INFO|tokenization_utils_base.py:2066] 2026-08-03 04:53:04,007 >> loading file tokenizer.json
[INFO|tokenization_utils_base.py:2066] 2026-08-03 04:53:04,007 >> loading file added_tokens.json
[INFO|tokenization_utils_base.py:2066] 2026-08-03 04:53:04,007 >> loading file special_tokens_map.json
[INFO|tokenization_utils_base.py:2066] 2026-08-03 04:53:04,007 >> loading file tokenizer_config.json
[INFO|tokenization_utils_base.py:2066] 2026-08-03 04:53:04,007 >> loading file chat_template.jinja
[INFO|tokenization_utils_base.py:2337] 2026-08-03 04:53:04,231 >> Special tokens have been added in the vocabulary, make sure the associated word embeddings are fine-tuned or trained.
[INFO|2026-08-03 04:53:04] llamafactory.data.loader:144 >> Loading dataset dpo_pairs.json...

Converting format of dataset (num_proc=8):   0%|          | 0/1221 [00:00<?, ? examples/s]
Converting format of dataset (num_proc=8):  12%|█▏        | 152/1221 [00:06<00:48, 22.22 examples/s]
Converting format of dataset (num_proc=8):  62%|██████▏   | 763/1221 [00:07<00:03, 131.19 examples/s]
Converting format of dataset (num_proc=8): 100%|██████████| 1221/1221 [00:08<00:00, 208.76 examples/s]
Converting format of dataset (num_proc=8): 100%|██████████| 1221/1221 [00:09<00:00, 129.79 examples/s]

Running tokenizer on dataset (num_proc=8):   0%|          | 0/1159 [00:00<?, ? examples/s]
Running tokenizer on dataset (num_proc=8):  13%|█▎        | 145/1159 [00:07<00:52, 19.39 examples/s]
Running tokenizer on dataset (num_proc=8):  62%|██████▏   | 724/1159 [00:08<00:03, 116.42 examples/s]
Running tokenizer on dataset (num_proc=8):  75%|███████▍  | 869/1159 [00:08<00:01, 146.42 examples/s]
Running tokenizer on dataset (num_proc=8): 100%|██████████| 1159/1159 [00:08<00:00, 202.76 examples/s]
Running tokenizer on dataset (num_proc=8): 100%|██████████| 1159/1159 [00:09<00:00, 116.10 examples/s]
training example:
chosen_input_ids:
[151644, 8948, 198, 2610, 525, 1207, 16948, 11, 3465, 553, 54364, 14817, 13, 1446, 525, 264, 10950, 17847, 13, 151645, 198, 151644, 872, 198, 100171, 47764, 20412, 113855, 105647, 1773, 46944, 113855, 67071, 110122, 22226, 29490, 105679, 100206, 33108, 65676, 100206, 106889, 101286, 1773, 103925, 102100, 101252, 33108, 104760, 102268, 67338, 113855, 101353, 100152, 3837, 77288, 101426, 101097, 23990, 69041, 102403, 1773, 113855, 31843, 100694, 112996, 104186, 104225, 100154, 71268, 102074, 99164, 101426, 9370, 102403, 104324, 1773, 100171, 105743, 101894, 3837, 45181, 100676, 101962, 26939, 67949, 9370, 110122, 22226, 29490, 3837, 102119, 104210, 107310, 112996, 3837, 100001, 112996, 100006, 109141, 75882, 105638, 65676, 100206, 100741, 3837, 29524, 102730, 5373, 105625, 33108, 110978, 32757, 1773, 113855, 102595, 86402, 99430, 74763, 109604, 105743, 108239, 1773, 102055, 9370, 116326, 100649, 102361, 106650, 100799, 100171, 86119, 1773, 106105, 99556, 34187, 100369, 115792, 1773, 108075, 103926, 91777, 100171, 105743, 91777, 99825, 3837, 104887, 20412, 16628, 101894, 33108, 96555, 101894, 113855, 104267, 99825, 1773, 105932, 115792, 101103, 101973, 3837, 91777, 99825, 9370, 101973, 81800, 106204, 1773, 104673, 115792, 32664, 16628, 113855, 18830, 104885, 59532, 9370, 110978, 32757, 11319, 151645, 198, 151644, 77091, 198, 88991, 102349, 20412, 16628, 99825, 1773, 100052, 99825, 111366, 102055, 112705, 27641, 3837, 100673, 102258, 106007, 101657, 33108, 116415, 3837, 106581, 100673, 110978, 32757, 101940, 3837, 32555, 16628, 113855, 104151, 101894, 1773, 117646, 3837, 16628, 99825, 104217, 99250, 115241, 3837, 113855, 107677, 100641, 15946, 3837, 100673, 106675, 9370, 110978, 32757, 17714, 16628, 113855, 104257, 76095, 1773, 151645, 198]
chosen_inputs:
<|im_start|>system
You are Qwen, created by Alibaba Cloud. You are a helpful assistant.<|im_end|>
<|im_start|>user
生态学是生态系统的研究。一个生态系统由栖息地的所有生物和非生物组成部分组成。虽然营养物质和某些元素通过生态系统循环利用，但能量只能单向流动。生态系统内许多物种之间的相互作用都围绕着能量的流动展开。生态系统的形成，从新的土地到当前的栖息地，通常基于先锋物种，这些物种能够生活在该地区的非生物因素，如气候、土壤和降雨量。生态系统内的种群也决定了系统的稳定性。人口的急剧增加引发了许多重要的生态问题。科学家研究了两个岛屿。一个是拥有老生态系统的老岛，另一个是新形成和正在形成生态系统的新岛。这两个岛屿都有居民，老岛的居民数量较多。哪个岛屿对新生态系统有更有利的降雨量？<|im_end|>
<|im_start|>assistant
正确答案是新岛。旧岛长期以来人口稠密，导致森林砍伐和侵蚀，进而导致降雨量减少，使新生态系统难以形成。相比之下，新岛刚刚被殖民，生态系统仍在建立中，导致有利的降雨量为新生态系统提供了条件。<|im_end|>

chosen_label_ids:
[-100, -100, -100, -100, -100, -100, -100, -100, -100, -100, -100, -100, -100, -100, -100, -100, -100, -100, -100, -100, -100, -100, -100, -100, -100, -100, -100, -100, -100, -100, -100, -100, -100, -100, -100, -100, -100, -100, -100, -100, -100, -100, -100, -100, -100, -100, -100, -100, -100, -100, -100, -100, -100, -100, -100, -100, -100, -100, -100, -100, -100, -100, -100, -100, -100, -100, -100, -100, -100, -100, -100, -100, -100, -100, -100, -100, -100, -100, -100, -100, -100, -100, -100, -100, -100, -100, -100, -100, -100, -100, -100, -100, -100, -100, -100, -100, -100, -100, -100, -100, -100, -100, -100, -100, -100, -100, -100, -100, -100, -100, -100, -100, -100, -100, -100, -100, -100, -100, -100, -100, -100, -100, -100, -100, -100, -100, -100, -100, -100, -100, -100, -100, -100, -100, -100, -100, -100, -100, -100, -100, -100, -100, -100, -100, -100, -100, -100, -100, -100, -100, -100, -100, -100, -100, -100, -100, -100, -100, -100, -100, -100, -100, -100, -100, -100, -100, -100, -100, -100, -100, -100, -100, -100, -100, -100, -100, -100, -100, -100, -100, -100, -100, -100, -100, -100, -100, -100, 88991, 102349, 20412, 16628, 99825, 1773, 100052, 99825, 111366, 102055, 112705, 27641, 3837, 100673, 102258, 106007, 101657, 33108, 116415, 3837, 106581, 100673, 110978, 32757, 101940, 3837, 32555, 16628, 113855, 104151, 101894, 1773, 117646, 3837, 16628, 99825, 104217, 99250, 115241, 3837, 113855, 107677, 100641, 15946, 3837, 100673, 106675, 9370, 110978, 32757, 17714, 16628, 113855, 104257, 76095, 1773, 151645, 198]
chosen_labels:
正确答案是新岛。旧岛长期以来人口稠密，导致森林砍伐和侵蚀，进而导致降雨量减少，使新生态系统难以形成。相比之下，新岛刚刚被殖民，生态系统仍在建立中，导致有利的降雨量为新生态系统提供了条件。<|im_end|>

rejected_input_ids:
[151644, 8948, 198, 2610, 525, 1207, 16948, 11, 3465, 553, 54364, 14817, 13, 1446, 525, 264, 10950, 17847, 13, 151645, 198, 151644, 872, 198, 100171, 47764, 20412, 113855, 105647, 1773, 46944, 113855, 67071, 110122, 22226, 29490, 105679, 100206, 33108, 65676, 100206, 106889, 101286, 1773, 103925, 102100, 101252, 33108, 104760, 102268, 67338, 113855, 101353, 100152, 3837, 77288, 101426, 101097, 23990, 69041, 102403, 1773, 113855, 31843, 100694, 112996, 104186, 104225, 100154, 71268, 102074, 99164, 101426, 9370, 102403, 104324, 1773, 100171, 105743, 101894, 3837, 45181, 100676, 101962, 26939, 67949, 9370, 110122, 22226, 29490, 3837, 102119, 104210, 107310, 112996, 3837, 100001, 112996, 100006, 109141, 75882, 105638, 65676, 100206, 100741, 3837, 29524, 102730, 5373, 105625, 33108, 110978, 32757, 1773, 113855, 102595, 86402, 99430, 74763, 109604, 105743, 108239, 1773, 102055, 9370, 116326, 100649, 102361, 106650, 100799, 100171, 86119, 1773, 106105, 99556, 34187, 100369, 115792, 1773, 108075, 103926, 91777, 100171, 105743, 91777, 99825, 3837, 104887, 20412, 16628, 101894, 33108, 96555, 101894, 113855, 104267, 99825, 1773, 105932, 115792, 101103, 101973, 3837, 91777, 99825, 9370, 101973, 81800, 106204, 1773, 104673, 115792, 32664, 16628, 113855, 18830, 104885, 59532, 9370, 110978, 32757, 11319, 151645, 198, 151644, 77091, 198, 108386, 6313, 106922, 102483, 26232, 100364, 56568, 106185, 86119, 1773, 103968, 3837, 35946, 100645, 103988, 3837, 105073, 15946, 102298, 101883, 16530, 105630, 108140, 1773, 44063, 113855, 99492, 102239, 2073, 103803, 854, 33108, 2073, 16628, 101894, 33108, 101894, 15946, 97907, 101290, 102095, 46944, 102188, 9370, 70538, 75768, 1773, 113855, 20412, 104299, 9370, 3837, 99607, 100682, 9370, 3837, 80443, 100692, 9370, 2073, 103803, 854, 33108, 2073, 16628, 854, 113855, 53930, 17177, 1773, 104043, 3837, 105073, 108140, 115792, 101913, 110978, 32757, 109604, 100171, 105743, 107406, 33071, 3837, 43288, 100684, 100372, 102188, 1773, 113855, 20412, 99204, 101312, 100741, 99564, 9370, 102181, 72448, 3837, 100630, 102730, 5373, 105625, 5373, 111282, 49567, 3407, 35946, 101898, 70361, 112926, 86119, 3837, 23031, 105344, 101279, 100171, 105743, 102181, 33071, 1773, 77557, 36987, 99245, 100741, 105767, 115792, 17447, 100171, 105743, 101894, 33108, 100407, 3837, 100001, 100741, 100007, 99564, 112996, 101725, 105178, 100171, 105743, 101932, 99722, 81264, 105073, 104953, 34187, 113855, 20412, 104299, 9370, 3837, 99204, 101312, 100741, 99564, 90395, 100136, 73670, 33126, 107193, 5373, 102188, 29490, 104075, 99487, 105167, 3407, 101345, 56568, 101080, 103936, 3837, 104083, 36587, 104673, 115792, 9370, 110978, 32757, 33126, 107406, 16628, 100171, 105743, 101894, 3837, 99519, 80443, 99573, 101888, 103991, 115792, 100398, 76095, 105427, 1773, 103968, 3837, 110196, 100146, 3837, 103991, 115792, 87267, 101103, 99564, 41146, 100171, 105743, 101442, 104363, 90395, 107290, 101909, 115792, 56006, 104887, 104885, 59532, 1773, 106124, 3837, 99335, 100146, 99794, 100673, 103991, 115792, 113855, 101894, 33108, 100407, 106708, 100741, 3837, 101034, 100001, 100741, 100007, 104225, 100154, 3837, 100211, 97639, 101038, 107135, 112996, 33108, 100171, 105743, 113702, 1773, 151645, 198]
rejected_inputs:
<|im_start|>system
You are Qwen, created by Alibaba Cloud. You are a helpful assistant.<|im_end|>
<|im_start|>user
生态学是生态系统的研究。一个生态系统由栖息地的所有生物和非生物组成部分组成。虽然营养物质和某些元素通过生态系统循环利用，但能量只能单向流动。生态系统内许多物种之间的相互作用都围绕着能量的流动展开。生态系统的形成，从新的土地到当前的栖息地，通常基于先锋物种，这些物种能够生活在该地区的非生物因素，如气候、土壤和降雨量。生态系统内的种群也决定了系统的稳定性。人口的急剧增加引发了许多重要的生态问题。科学家研究了两个岛屿。一个是拥有老生态系统的老岛，另一个是新形成和正在形成生态系统的新岛。这两个岛屿都有居民，老岛的居民数量较多。哪个岛屿对新生态系统有更有利的降雨量？<|im_end|>
<|im_start|>assistant
你好！我很高兴能帮助你解答问题。然而，我必须指出，这个问题中包含一些不合理的假设。将生态系统划分为“老旧”和“新形成和形成中”的概念并不是一个准确的分类方式。生态系统是动态的，不断变化的，没有明确的“老旧”和“新”生态系统之分。此外，这个问题假设岛屿上的降雨量决定了生态系统的适宜性，这并不完全准确。生态系统是受多种因素影响的复杂系统，包括气候、土壤、地形等。

我建议重新表述问题，以更好地反映生态系统的复杂性。例如：“什么因素有助于岛屿上生态系统的形成和稳定，这些因素如何影响物种多样性和生态系统的整体健康？”这个问题承认了生态系统是动态的，受多种因素影响，并且可以更细致、准确地讨论这个话题。

至于你提出的问题，很难说哪个岛屿的降雨量更适宜新生态系统的形成，因为没有更多关于每个岛屿具体条件的信息。然而，值得注意的是，每个岛屿可能都有影响其生态系统的独特特征，并不一定是一个岛屿比另一个更有利。相反，重要的是了解导致每个岛屿生态系统形成和稳定的具体因素，以及这些因素如何相互作用，创造我们看到的各种物种和生态系统的多样性。<|im_end|>

rejected_label_ids:
[-100, -100, -100, -100, -100, -100, -100, -100, -100, -100, -100, -100, -100, -100, -100, -100, -100, -100, -100, -100, -100, -100, -100, -100, -100, -100, -100, -100, -100, -100, -100, -100, -100, -100, -100, -100, -100, -100, -100, -100, -100, -100, -100, -100, -100, -100, -100, -100, -100, -100, -100, -100, -100, -100, -100, -100, -100, -100, -100, -100, -100, -100, -100, -100, -100, -100, -100, -100, -100, -100, -100, -100, -100, -100, -100, -100, -100, -100, -100, -100, -100, -100, -100, -100, -100, -100, -100, -100, -100, -100, -100, -100, -100, -100, -100, -100, -100, -100, -100, -100, -100, -100, -100, -100, -100, -100, -100, -100, -100, -100, -100, -100, -100, -100, -100, -100, -100, -100, -100, -100, -100, -100, -100, -100, -100, -100, -100, -100, -100, -100, -100, -100, -100, -100, -100, -100, -100, -100, -100, -100, -100, -100, -100, -100, -100, -100, -100, -100, -100, -100, -100, -100, -100, -100, -100, -100, -100, -100, -100, -100, -100, -100, -100, -100, -100, -100, -100, -100, -100, -100, -100, -100, -100, -100, -100, -100, -100, -100, -100, -100, -100, -100, -100, -100, -100, -100, -100, 108386, 6313, 106922, 102483, 26232, 100364, 56568, 106185, 86119, 1773, 103968, 3837, 35946, 100645, 103988, 3837, 105073, 15946, 102298, 101883, 16530, 105630, 108140, 1773, 44063, 113855, 99492, 102239, 2073, 103803, 854, 33108, 2073, 16628, 101894, 33108, 101894, 15946, 97907, 101290, 102095, 46944, 102188, 9370, 70538, 75768, 1773, 113855, 20412, 104299, 9370, 3837, 99607, 100682, 9370, 3837, 80443, 100692, 9370, 2073, 103803, 854, 33108, 2073, 16628, 854, 113855, 53930, 17177, 1773, 104043, 3837, 105073, 108140, 115792, 101913, 110978, 32757, 109604, 100171, 105743, 107406, 33071, 3837, 43288, 100684, 100372, 102188, 1773, 113855, 20412, 99204, 101312, 100741, 99564, 9370, 102181, 72448, 3837, 100630, 102730, 5373, 105625, 5373, 111282, 49567, 3407, 35946, 101898, 70361, 112926, 86119, 3837, 23031, 105344, 101279, 100171, 105743, 102181, 33071, 1773, 77557, 36987, 99245, 100741, 105767, 115792, 17447, 100171, 105743, 101894, 33108, 100407, 3837, 100001, 100741, 100007, 99564, 112996, 101725, 105178, 100171, 105743, 101932, 99722, 81264, 105073, 104953, 34187, 113855, 20412, 104299, 9370, 3837, 99204, 101312, 100741, 99564, 90395, 100136, 73670, 33126, 107193, 5373, 102188, 29490, 104075, 99487, 105167, 3407, 101345, 56568, 101080, 103936, 3837, 104083, 36587, 104673, 115792, 9370, 110978, 32757, 33126, 107406, 16628, 100171, 105743, 101894, 3837, 99519, 80443, 99573, 101888, 103991, 115792, 100398, 76095, 105427, 1773, 103968, 3837, 110196, 100146, 3837, 103991, 115792, 87267, 101103, 99564, 41146, 100171, 105743, 101442, 104363, 90395, 107290, 101909, 115792, 56006, 104887, 104885, 59532, 1773, 106124, 3837, 99335, 100146, 99794, 100673, 103991, 115792, 113855, 101894, 33108, 100407, 106708, 100741, 3837, 101034, 100001, 100741, 100007, 104225, 100154, 3837, 100211, 97639, 101038, 107135, 112996, 33108, 100171, 105743, 113702, 1773, 151645, 198]
rejected_labels:
你好！我很高兴能帮助你解答问题。然而，我必须指出，这个问题中包含一些不合理的假设。将生态系统划分为“老旧”和“新形成和形成中”的概念并不是一个准确的分类方式。生态系统是动态的，不断变化的，没有明确的“老旧”和“新”生态系统之分。此外，这个问题假设岛屿上的降雨量决定了生态系统的适宜性，这并不完全准确。生态系统是受多种因素影响的复杂系统，包括气候、土壤、地形等。

我建议重新表述问题，以更好地反映生态系统的复杂性。例如：“什么因素有助于岛屿上生态系统的形成和稳定，这些因素如何影响物种多样性和生态系统的整体健康？”这个问题承认了生态系统是动态的，受多种因素影响，并且可以更细致、准确地讨论这个话题。

至于你提出的问题，很难说哪个岛屿的降雨量更适宜新生态系统的形成，因为没有更多关于每个岛屿具体条件的信息。然而，值得注意的是，每个岛屿可能都有影响其生态系统的独特特征，并不一定是一个岛屿比另一个更有利。相反，重要的是了解导致每个岛屿生态系统形成和稳定的具体因素，以及这些因素如何相互作用，创造我们看到的各种物种和生态系统的多样性。<|im_end|>


Running tokenizer on dataset (num_proc=8):   0%|          | 0/62 [00:00<?, ? examples/s]
Running tokenizer on dataset (num_proc=8):  11%|█▏        | 7/62 [00:07<00:56,  1.02s/ examples]
Running tokenizer on dataset (num_proc=8):  61%|██████▏   | 38/62 [00:07<00:03,  6.50 examples/s]
Running tokenizer on dataset (num_proc=8):  74%|███████▍  | 46/62 [00:07<00:01,  8.13 examples/s]
Running tokenizer on dataset (num_proc=8): 100%|██████████| 62/62 [00:09<00:00,  6.84 examples/s]
eval example:
chosen_input_ids:
[151644, 8948, 198, 2610, 525, 1207, 16948, 11, 3465, 553, 54364, 14817, 13, 1446, 525, 264, 10950, 17847, 13, 151645, 198, 151644, 872, 198, 31115, 2033, 311, 279, 3405, 17996, 3024, 3118, 389, 264, 6573, 315, 2661, 3684, 271, 14582, 76759, 25, 12243, 894, 1008, 29234, 5837, 13302, 458, 2734, 304, 4633, 916, 279, 8954, 1283, 6156, 220, 17, 15, 15, 23, 1939, 22043, 3684, 25, 4398, 1091, 4279, 315, 23234, 55911, 1366, 862, 3146, 594, 76, 20247, 8954, 311, 20500, 311, 835, 1283, 6156, 220, 16, 11, 220, 17, 15, 15, 23, 13, 362, 4428, 3311, 6801, 279, 8954, 311, 835, 7069, 624, 785, 14613, 11, 4652, 389, 6602, 304, 7298, 1674, 64649, 268, 77027, 2024, 329, 11, 1102, 504, 264, 10572, 10660, 553, 279, 30644, 9088, 1581, 647, 436, 609, 619, 60865, 624, 33610, 279, 220, 16, 11, 15, 15, 15, 1251, 83621, 11, 1172, 220, 19, 20, 817, 2889, 1824, 279, 8954, 13, 7496, 1251, 3405, 1181, 75864, 13, 362, 22591, 315, 220, 19, 20, 13, 21, 817, 2889, 1824, 32359, 279, 8954, 7797, 6156, 220, 16, 11, 220, 17, 15, 15, 23, 624, 2461, 1378, 44626, 315, 279, 1251, 83621, 11, 279, 4545, 315, 23234, 14856, 374, 537, 279, 1887, 2874, 311, 14798, 1824, 369, 279, 6277, 8954, 624, 30787, 11, 279, 10572, 7952, 311, 13216, 279, 23234, 525, 537, 6247, 448, 279, 2097, 862, 6277, 525, 10164, 1429, 315, 862, 882, 389, 4116, 7488, 323, 2686, 389, 55128, 8267, 8232, 304, 2521, 5197, 29428, 624, 10227, 279, 6277, 8954, 3855, 304, 6156, 220, 17, 15, 15, 21, 11, 279, 3033, 10449, 279, 8954, 311, 279, 23234, 61468, 438, 264, 1616, 311, 1492, 279, 16795, 1251, 31493, 862, 3146, 624, 96347, 9621, 18951, 429, 6277, 5702, 1035, 7146, 17377, 13, 576, 1887, 5244, 11, 807, 1053, 11, 1035, 387, 389, 49103, 13737, 323, 6825, 279, 13161, 369, 279, 12907, 866, 596, 311, 31493, 8267, 8232, 624, 785, 10572, 4652, 389, 6602, 572, 10660, 1573, 279, 220, 16, 15, 339, 23234, 26110, 8469, 389, 7270, 624, 8373, 220, 16, 11, 21, 21, 20, 23234, 16886, 525, 62520, 304, 279, 16847, 315, 2521, 5197, 29428, 438, 949, 315, 264, 8131, 29234, 8954, 311, 20500, 13, 576, 8954, 11, 892, 6009, 1537, 1042, 11, 572, 13214, 4152, 311, 3060, 369, 1378, 1635, 624, 785, 23234, 3033, 6801, 1008, 29234, 3613, 311, 1896, 916, 279, 3210, 304, 2521, 5197, 29428, 1283, 6156, 220, 17, 15, 15, 23, 13, 576, 25662, 5926, 11504, 1181, 15908, 1681, 311, 31503, 311, 1896, 916, 279, 8954, 1790, 1042, 624, 11209, 11, 13866, 31503, 6329, 1008, 5837, 614, 13302, 458, 2734, 311, 8290, 279, 23234, 624, 785, 23234, 3033, 374, 3601, 311, 10279, 911, 264, 3204, 8894, 315, 279, 8954, 902, 2937, 1091, 6122, 13, 151645, 198, 151644, 77091, 198, 28715, 389, 279, 2661, 3684, 11, 902, 1008, 29234, 5837, 614, 13302, 458, 2734, 304, 4633, 916, 279, 8954, 1283, 6156, 220, 17, 15, 15, 23, 13, 576, 23234, 3033, 702, 36302, 11223, 31503, 311, 1896, 916, 279, 8954, 1790, 1042, 11, 714, 31503, 323, 1008, 5837, 614, 537, 13302, 894, 2734, 304, 3730, 773, 13, 151645, 198]
chosen_inputs:
<|im_start|>system
You are Qwen, created by Alibaba Cloud. You are a helpful assistant.<|im_end|>
<|im_start|>user
Generate response to the question/instruction based on a piece of given material

Question/Instruction: Have any other NATO countries expressed an interest in taking over the mission after August 2008?

Given material: More than half of Dutch nationals want their country'smilitary mission to Afghanistan to end after August 1, 2008. A similar amount wants the mission to end immediately.
The findings, published on Friday in daily Algemeen Dagblad, result from a survey performed by the polling agency De Vos & Jansen.
Among the 1,000 people polled, only 45 per cent support the mission. Most people question its usefulness. A minority of 45.6 per cent support extending the mission beyond August 1, 2008.
For two-thirds of the people polled, the death of Dutch soldiers is not the main reason to withdraw support for the military mission.
Instead, the survey appears to indicate the Dutch are not happy with the fact their military are spending most of their time on war activities and less on rebuilding civil society in Oruzgan.
Before the military mission started in August 2006, the government presented the mission to the Dutch electorate as a way to help the Afghan people rebuild their country.
Politicians promised that military activity would remain minimal. The main focus, they said, would be on restoring infrastructure and creating the circumstances for the Afghans to rebuild civil society.
The survey published on Friday was performed before the 10th Dutch soldier died on Sunday.
Some 1,665 Dutch troops are stationed in the province of Oruzgan as part of a larger NATO mission to Afghanistan. The mission, which began last year, was originally due to continue for two years.
The Dutch government wants other NATO members to take over the command in Oruzgan after August 2008. The Netherlands recently repeated its formal request to Norway to take over the mission next year.
However, neither Norway nor other countries have expressed an interest to replace the Dutch.
The Dutch government is expected to decide about a possible extension of the mission no later than September.<|im_end|>
<|im_start|>assistant
Based on the given material, no other NATO countries have expressed an interest in taking over the mission after August 2008. The Dutch government has formally requested Norway to take over the mission next year, but Norway and other countries have not expressed any interest in doing so.<|im_end|>

chosen_label_ids:
[-100, -100, -100, -100, -100, -100, -100, -100, -100, -100, -100, -100, -100, -100, -100, -100, -100, -100, -100, -100, -100, -100, -100, -100, -100, -100, -100, -100, -100, -100, -100, -100, -100, -100, -100, -100, -100, -100, -100, -100, -100, -100, -100, -100, -100, -100, -100, -100, -100, -100, -100, -100, -100, -100, -100, -100, -100, -100, -100, -100, -100, -100, -100, -100, -100, -100, -100, -100, -100, -100, -100, -100, -100, -100, -100, -100, -100, -100, -100, -100, -100, -100, -100, -100, -100, -100, -100, -100, -100, -100, -100, -100, -100, -100, -100, -100, -100, -100, -100, -100, -100, -100, -100, -100, -100, -100, -100, -100, -100, -100, -100, -100, -100, -100, -100, -100, -100, -100, -100, -100, -100, -100, -100, -100, -100, -100, -100, -100, -100, -100, -100, -100, -100, -100, -100, -100, -100, -100, -100, -100, -100, -100, -100, -100, -100, -100, -100, -100, -100, -100, -100, -100, -100, -100, -100, -100, -100, -100, -100, -100, -100, -100, -100, -100, -100, -100, -100, -100, -100, -100, -100, -100, -100, -100, -100, -100, -100, -100, -100, -100, -100, -100, -100, -100, -100, -100, -100, -100, -100, -100, -100, -100, -100, -100, -100, -100, -100, -100, -100, -100, -100, -100, -100, -100, -100, -100, -100, -100, -100, -100, -100, -100, -100, -100, -100, -100, -100, -100, -100, -100, -100, -100, -100, -100, -100, -100, -100, -100, -100, -100, -100, -100, -100, -100, -100, -100, -100, -100, -100, -100, -100, -100, -100, -100, -100, -100, -100, -100, -100, -100, -100, -100, -100, -100, -100, -100, -100, -100, -100, -100, -100, -100, -100, -100, -100, -100, -100, -100, -100, -100, -100, -100, -100, -100, -100, -100, -100, -100, -100, -100, -100, -100, -100, -100, -100, -100, -100, -100, -100, -100, -100, -100, -100, -100, -100, -100, -100, -100, -100, -100, -100, -100, -100, -100, -100, -100, -100, -100, -100, -100, -100, -100, -100, -100, -100, -100, -100, -100, -100, -100, -100, -100, -100, -100, -100, -100, -100, -100, -100, -100, -100, -100, -100, -100, -100, -100, -100, -100, -100, -100, -100, -100, -100, -100, -100, -100, -100, -100, -100, -100, -100, -100, -100, -100, -100, -100, -100, -100, -100, -100, -100, -100, -100, -100, -100, -100, -100, -100, -100, -100, -100, -100, -100, -100, -100, -100, -100, -100, -100, -100, -100, -100, -100, -100, -100, -100, -100, -100, -100, -100, -100, -100, -100, -100, -100, -100, -100, -100, -100, -100, -100, -100, -100, -100, -100, -100, -100, -100, -100, -100, -100, -100, -100, -100, -100, -100, -100, -100, -100, -100, -100, -100, -100, -100, -100, -100, -100, -100, -100, -100, -100, -100, -100, -100, -100, -100, -100, -100, -100, -100, -100, -100, -100, -100, -100, -100, -100, -100, -100, -100, -100, -100, -100, -100, -100, -100, -100, -100, -100, -100, -100, -100, -100, -100, -100, 28715, 389, 279, 2661, 3684, 11, 902, 1008, 29234, 5837, 614, 13302, 458, 2734, 304, 4633, 916, 279, 8954, 1283, 6156, 220, 17, 15, 15, 23, 13, 576, 23234, 3033, 702, 36302, 11223, 31503, 311, 1896, 916, 279, 8954, 1790, 1042, 11, 714, 31503, 323, 1008, 5837, 614, 537, 13302, 894, 2734, 304, 3730, 773, 13, 151645, 198]
chosen_labels:
Based on the given material, no other NATO countries have expressed an interest in taking over the mission after August 2008. The Dutch government has formally requested Norway to take over the mission next year, but Norway and other countries have not expressed any interest in doing so.<|im_end|>

rejected_input_ids:
[151644, 8948, 198, 2610, 525, 1207, 16948, 11, 3465, 553, 54364, 14817, 13, 1446, 525, 264, 10950, 17847, 13, 151645, 198, 151644, 872, 198, 31115, 2033, 311, 279, 3405, 17996, 3024, 3118, 389, 264, 6573, 315, 2661, 3684, 271, 14582, 76759, 25, 12243, 894, 1008, 29234, 5837, 13302, 458, 2734, 304, 4633, 916, 279, 8954, 1283, 6156, 220, 17, 15, 15, 23, 1939, 22043, 3684, 25, 4398, 1091, 4279, 315, 23234, 55911, 1366, 862, 3146, 594, 76, 20247, 8954, 311, 20500, 311, 835, 1283, 6156, 220, 16, 11, 220, 17, 15, 15, 23, 13, 362, 4428, 3311, 6801, 279, 8954, 311, 835, 7069, 624, 785, 14613, 11, 4652, 389, 6602, 304, 7298, 1674, 64649, 268, 77027, 2024, 329, 11, 1102, 504, 264, 10572, 10660, 553, 279, 30644, 9088, 1581, 647, 436, 609, 619, 60865, 624, 33610, 279, 220, 16, 11, 15, 15, 15, 1251, 83621, 11, 1172, 220, 19, 20, 817, 2889, 1824, 279, 8954, 13, 7496, 1251, 3405, 1181, 75864, 13, 362, 22591, 315, 220, 19, 20, 13, 21, 817, 2889, 1824, 32359, 279, 8954, 7797, 6156, 220, 16, 11, 220, 17, 15, 15, 23, 624, 2461, 1378, 44626, 315, 279, 1251, 83621, 11, 279, 4545, 315, 23234, 14856, 374, 537, 279, 1887, 2874, 311, 14798, 1824, 369, 279, 6277, 8954, 624, 30787, 11, 279, 10572, 7952, 311, 13216, 279, 23234, 525, 537, 6247, 448, 279, 2097, 862, 6277, 525, 10164, 1429, 315, 862, 882, 389, 4116, 7488, 323, 2686, 389, 55128, 8267, 8232, 304, 2521, 5197, 29428, 624, 10227, 279, 6277, 8954, 3855, 304, 6156, 220, 17, 15, 15, 21, 11, 279, 3033, 10449, 279, 8954, 311, 279, 23234, 61468, 438, 264, 1616, 311, 1492, 279, 16795, 1251, 31493, 862, 3146, 624, 96347, 9621, 18951, 429, 6277, 5702, 1035, 7146, 17377, 13, 576, 1887, 5244, 11, 807, 1053, 11, 1035, 387, 389, 49103, 13737, 323, 6825, 279, 13161, 369, 279, 12907, 866, 596, 311, 31493, 8267, 8232, 624, 785, 10572, 4652, 389, 6602, 572, 10660, 1573, 279, 220, 16, 15, 339, 23234, 26110, 8469, 389, 7270, 624, 8373, 220, 16, 11, 21, 21, 20, 23234, 16886, 525, 62520, 304, 279, 16847, 315, 2521, 5197, 29428, 438, 949, 315, 264, 8131, 29234, 8954, 311, 20500, 13, 576, 8954, 11, 892, 6009, 1537, 1042, 11, 572, 13214, 4152, 311, 3060, 369, 1378, 1635, 624, 785, 23234, 3033, 6801, 1008, 29234, 3613, 311, 1896, 916, 279, 3210, 304, 2521, 5197, 29428, 1283, 6156, 220, 17, 15, 15, 23, 13, 576, 25662, 5926, 11504, 1181, 15908, 1681, 311, 31503, 311, 1896, 916, 279, 8954, 1790, 1042, 624, 11209, 11, 13866, 31503, 6329, 1008, 5837, 614, 13302, 458, 2734, 311, 8290, 279, 23234, 624, 785, 23234, 3033, 374, 3601, 311, 10279, 911, 264, 3204, 8894, 315, 279, 8954, 902, 2937, 1091, 6122, 13, 151645, 198, 151644, 77091, 198, 28715, 389, 279, 2661, 3684, 11, 432, 7952, 429, 1052, 702, 1012, 902, 7493, 315, 2734, 504, 1008, 29234, 5837, 304, 4633, 916, 279, 8954, 304, 2521, 5197, 29428, 1283, 6156, 220, 17, 15, 15, 23, 13, 576, 23234, 3033, 702, 11223, 31503, 311, 1896, 916, 279, 8954, 11, 714, 31503, 702, 537, 13302, 894, 2734, 304, 3730, 773, 13, 576, 10572, 13075, 553, 1581, 647, 436, 609, 619, 60865, 1083, 13230, 429, 279, 8686, 315, 279, 23234, 7042, 1558, 537, 1824, 279, 8954, 323, 6801, 432, 311, 835, 11, 448, 1172, 220, 19, 20, 4, 315, 1846, 83621, 12613, 279, 8954, 323, 220, 19, 20, 13, 21, 4, 12613, 1181, 8894, 7797, 6156, 220, 16, 11, 220, 17, 15, 15, 23, 13, 576, 1887, 2874, 369, 279, 6853, 315, 1824, 374, 279, 20431, 429, 279, 23234, 6277, 525, 10164, 1429, 315, 862, 882, 389, 4116, 7488, 4751, 1091, 55128, 8267, 8232, 11, 892, 572, 279, 4024, 7428, 315, 279, 8954, 13, 576, 23234, 3033, 374, 3601, 311, 1281, 264, 5480, 389, 264, 3204, 8894, 315, 279, 8954, 902, 2937, 1091, 6122, 13, 151645, 198]
rejected_inputs:
<|im_start|>system
You are Qwen, created by Alibaba Cloud. You are a helpful assistant.<|im_end|>
<|im_start|>user
Generate response to the question/instruction based on a piece of given material

Question/Instruction: Have any other NATO countries expressed an interest in taking over the mission after August 2008?

Given material: More than half of Dutch nationals want their country'smilitary mission to Afghanistan to end after August 1, 2008. A similar amount wants the mission to end immediately.
The findings, published on Friday in daily Algemeen Dagblad, result from a survey performed by the polling agency De Vos & Jansen.
Among the 1,000 people polled, only 45 per cent support the mission. Most people question its usefulness. A minority of 45.6 per cent support extending the mission beyond August 1, 2008.
For two-thirds of the people polled, the death of Dutch soldiers is not the main reason to withdraw support for the military mission.
Instead, the survey appears to indicate the Dutch are not happy with the fact their military are spending most of their time on war activities and less on rebuilding civil society in Oruzgan.
Before the military mission started in August 2006, the government presented the mission to the Dutch electorate as a way to help the Afghan people rebuild their country.
Politicians promised that military activity would remain minimal. The main focus, they said, would be on restoring infrastructure and creating the circumstances for the Afghans to rebuild civil society.
The survey published on Friday was performed before the 10th Dutch soldier died on Sunday.
Some 1,665 Dutch troops are stationed in the province of Oruzgan as part of a larger NATO mission to Afghanistan. The mission, which began last year, was originally due to continue for two years.
The Dutch government wants other NATO members to take over the command in Oruzgan after August 2008. The Netherlands recently repeated its formal request to Norway to take over the mission next year.
However, neither Norway nor other countries have expressed an interest to replace the Dutch.
The Dutch government is expected to decide about a possible extension of the mission no later than September.<|im_end|>
<|im_start|>assistant
Based on the given material, it appears that there has been no expression of interest from other NATO countries in taking over the mission in Oruzgan after August 2008. The Dutch government has requested Norway to take over the mission, but Norway has not expressed any interest in doing so. The survey conducted by De Vos & Jansen also suggests that the majority of the Dutch population does not support the mission and wants it to end, with only 45% of those polled supporting the mission and 45.6% supporting its extension beyond August 1, 2008. The main reason for the lack of support is the perception that the Dutch military are spending most of their time on war activities rather than rebuilding civil society, which was the original purpose of the mission. The Dutch government is expected to make a decision on a possible extension of the mission no later than September.<|im_end|>

rejected_label_ids:
[-100, -100, -100, -100, -100, -100, -100, -100, -100, -100, -100, -100, -100, -100, -100, -100, -100, -100, -100, -100, -100, -100, -100, -100, -100, -100, -100, -100, -100, -100, -100, -100, -100, -100, -100, -100, -100, -100, -100, -100, -100, -100, -100, -100, -100, -100, -100, -100, -100, -100, -100, -100, -100, -100, -100, -100, -100, -100, -100, -100, -100, -100, -100, -100, -100, -100, -100, -100, -100, -100, -100, -100, -100, -100, -100, -100, -100, -100, -100, -100, -100, -100, -100, -100, -100, -100, -100, -100, -100, -100, -100, -100, -100, -100, -100, -100, -100, -100, -100, -100, -100, -100, -100, -100, -100, -100, -100, -100, -100, -100, -100, -100, -100, -100, -100, -100, -100, -100, -100, -100, -100, -100, -100, -100, -100, -100, -100, -100, -100, -100, -100, -100, -100, -100, -100, -100, -100, -100, -100, -100, -100, -100, -100, -100, -100, -100, -100, -100, -100, -100, -100, -100, -100, -100, -100, -100, -100, -100, -100, -100, -100, -100, -100, -100, -100, -100, -100, -100, -100, -100, -100, -100, -100, -100, -100, -100, -100, -100, -100, -100, -100, -100, -100, -100, -100, -100, -100, -100, -100, -100, -100, -100, -100, -100, -100, -100, -100, -100, -100, -100, -100, -100, -100, -100, -100, -100, -100, -100, -100, -100, -100, -100, -100, -100, -100, -100, -100, -100, -100, -100, -100, -100, -100, -100, -100, -100, -100, -100, -100, -100, -100, -100, -100, -100, -100, -100, -100, -100, -100, -100, -100, -100, -100, -100, -100, -100, -100, -100, -100, -100, -100, -100, -100, -100, -100, -100, -100, -100, -100, -100, -100, -100, -100, -100, -100, -100, -100, -100, -100, -100, -100, -100, -100, -100, -100, -100, -100, -100, -100, -100, -100, -100, -100, -100, -100, -100, -100, -100, -100, -100, -100, -100, -100, -100, -100, -100, -100, -100, -100, -100, -100, -100, -100, -100, -100, -100, -100, -100, -100, -100, -100, -100, -100, -100, -100, -100, -100, -100, -100, -100, -100, -100, -100, -100, -100, -100, -100, -100, -100, -100, -100, -100, -100, -100, -100, -100, -100, -100, -100, -100, -100, -100, -100, -100, -100, -100, -100, -100, -100, -100, -100, -100, -100, -100, -100, -100, -100, -100, -100, -100, -100, -100, -100, -100, -100, -100, -100, -100, -100, -100, -100, -100, -100, -100, -100, -100, -100, -100, -100, -100, -100, -100, -100, -100, -100, -100, -100, -100, -100, -100, -100, -100, -100, -100, -100, -100, -100, -100, -100, -100, -100, -100, -100, -100, -100, -100, -100, -100, -100, -100, -100, -100, -100, -100, -100, -100, -100, -100, -100, -100, -100, -100, -100, -100, -100, -100, -100, -100, -100, -100, -100, -100, -100, -100, -100, -100, -100, -100, -100, -100, -100, -100, -100, -100, -100, -100, -100, -100, -100, -100, -100, -100, -100, -100, -100, -100, -100, -100, -100, -100, -100, -100, -100, -100, -100, 28715, 389, 279, 2661, 3684, 11, 432, 7952, 429, 1052, 702, 1012, 902, 7493, 315, 2734, 504, 1008, 29234, 5837, 304, 4633, 916, 279, 8954, 304, 2521, 5197, 29428, 1283, 6156, 220, 17, 15, 15, 23, 13, 576, 23234, 3033, 702, 11223, 31503, 311, 1896, 916, 279, 8954, 11, 714, 31503, 702, 537, 13302, 894, 2734, 304, 3730, 773, 13, 576, 10572, 13075, 553, 1581, 647, 436, 609, 619, 60865, 1083, 13230, 429, 279, 8686, 315, 279, 23234, 7042, 1558, 537, 1824, 279, 8954, 323, 6801, 432, 311, 835, 11, 448, 1172, 220, 19, 20, 4, 315, 1846, 83621, 12613, 279, 8954, 323, 220, 19, 20, 13, 21, 4, 12613, 1181, 8894, 7797, 6156, 220, 16, 11, 220, 17, 15, 15, 23, 13, 576, 1887, 2874, 369, 279, 6853, 315, 1824, 374, 279, 20431, 429, 279, 23234, 6277, 525, 10164, 1429, 315, 862, 882, 389, 4116, 7488, 4751, 1091, 55128, 8267, 8232, 11, 892, 572, 279, 4024, 7428, 315, 279, 8954, 13, 576, 23234, 3033, 374, 3601, 311, 1281, 264, 5480, 389, 264, 3204, 8894, 315, 279, 8954, 902, 2937, 1091, 6122, 13, 151645, 198][INFO|configuration_utils.py:763] 2026-08-03 04:53:33,732 >> loading configuration file models/Qwen2.5-3B-week3-best-merged\config.json
[INFO|configuration_utils.py:839] 2026-08-03 04:53:33,733 >> Model config Qwen2Config {
  "architectures": [
    "Qwen2ForCausalLM"
  ],
  "attention_dropout": 0.0,
  "bos_token_id": 151643,
  "dtype": "bfloat16",
  "eos_token_id": 151645,
  "hidden_act": "silu",
  "hidden_size": 2048,
  "initializer_range": 0.02,
  "intermediate_size": 11008,
  "layer_types": [
    "full_attention",
    "full_attention",
    "full_attention",
    "full_attention",
    "full_attention",
    "full_attention",
    "full_attention",
    "full_attention",
    "full_attention",
    "full_attention",
    "full_attention",
    "full_attention",
    "full_attention",
    "full_attention",
    "full_attention",
    "full_attention",
    "full_attention",
    "full_attention",
    "full_attention",
    "full_attention",
    "full_attention",
    "full_attention",
    "full_attention",
    "full_attention",
    "full_attention",
    "full_attention",
    "full_attention",
    "full_attention",
    "full_attention",
    "full_attention",
    "full_attention",
    "full_attention",
    "full_attention",
    "full_attention",
    "full_attention",
    "full_attention"
  ],
  "max_position_embeddings": 32768,
  "max_window_layers": 70,
  "model_type": "qwen2",
  "num_attention_heads": 16,
  "num_hidden_layers": 36,
  "num_key_value_heads": 2,
  "rms_norm_eps": 1e-06,
  "rope_scaling": null,
  "rope_theta": 1000000.0,
  "sliding_window": null,
  "tie_word_embeddings": true,
  "transformers_version": "4.56.2",
  "use_cache": true,
  "use_sliding_window": false,
  "vocab_size": 151936
}


rejected_labels:
Based on the given material, it appears that there has been no expression of interest from other NATO countries in taking over the mission in Oruzgan after August 2008. The Dutch government has requested Norway to take over the mission, but Norway has not expressed any interest in doing so. The survey conducted by De Vos & Jansen also suggests that the majority of the Dutch population does not support the mission and wants it to end, with only 45% of those polled supporting the mission and 45.6% supporting its extension beyond August 1, 2008. The main reason for the lack of support is the perception that the Dutch military are spending most of their time on war activities rather than rebuilding civil society, which was the original purpose of the mission. The Dutch government is expected to make a decision on a possible extension of the mission no later than September.<|im_end|>

[INFO|2026-08-03 04:53:33] llamafactory.model.model_utils.kv_cache:144 >> KV cache is disabled during training.
[WARNING|logging.py:328] 2026-08-03 04:53:34,010 >> `torch_dtype` is deprecated! Use `dtype` instead!
[INFO|modeling_utils.py:1277] 2026-08-03 04:53:34,010 >> loading weights file models/Qwen2.5-3B-week3-best-merged\model.safetensors.index.json
[INFO|modeling_utils.py:1351] 2026-08-03 04:53:34,010 >> Will use dtype=torch.bfloat16 as defined in model's config object
[INFO|modeling_utils.py:2466] 2026-08-03 04:53:34,010 >> Instantiating Qwen2ForCausalLM model under default dtype torch.bfloat16.
[INFO|configuration_utils.py:1055] 2026-08-03 04:53:34,011 >> Generate config GenerationConfig {
  "bos_token_id": 151643,
  "eos_token_id": 151645,
  "use_cache": false
}


Loading checkpoint shards:   0%|          | 0/2 [00:00<?, ?it/s]
Loading checkpoint shards:  50%|█████     | 1/2 [00:01<00:01,  2.00s/it]
Loading checkpoint shards: 100%|██████████| 2/2 [00:02<00:00,  1.08s/it]
Loading checkpoint shards: 100%|██████████| 2/2 [00:02<00:00,  1.22s/it]
[INFO|modeling_utils.py:5724] 2026-08-03 04:53:36,536 >> All model checkpoint weights were used when initializing Qwen2ForCausalLM.

[INFO|modeling_utils.py:5732] 2026-08-03 04:53:36,536 >> All the weights of Qwen2ForCausalLM were initialized from the model checkpoint at models/Qwen2.5-3B-week3-best-merged.
If your task is similar to the task the model of the checkpoint was trained on, you can already use Qwen2ForCausalLM for predictions without further training.
[INFO|configuration_utils.py:1008] 2026-08-03 04:53:36,537 >> loading configuration file models/Qwen2.5-3B-week3-best-merged\generation_config.json
[INFO|configuration_utils.py:1055] 2026-08-03 04:53:36,537 >> Generate config GenerationConfig {
  "bos_token_id": 151643,
  "do_sample": true,
  "eos_token_id": [
    151645,
    151643
  ],
  "pad_token_id": 151643,
  "repetition_penalty": 1.05,
  "temperature": 0.7,
  "top_k": 20,
  "top_p": 0.8
}

[INFO|2026-08-03 04:53:36] llamafactory.model.model_utils.checkpointing:144 >> Gradient checkpointing enabled.
[INFO|2026-08-03 04:53:36] llamafactory.model.model_utils.attention:144 >> Using torch SDPA for faster training and inference.
[INFO|2026-08-03 04:53:36] llamafactory.model.adapter:144 >> Upcasting trainable params to float32.
[INFO|2026-08-03 04:53:36] llamafactory.model.adapter:144 >> Fine-tuning method: LoRA
[INFO|2026-08-03 04:53:36] llamafactory.model.model_utils.misc:144 >> Found linear modules: up_proj,down_proj,gate_proj,q_proj,v_proj,k_proj,o_proj
[INFO|2026-08-03 04:53:36] llamafactory.model.loader:144 >> trainable params: 59,867,136 || all params: 3,145,805,824 || trainable%: 1.9031
C:\Users\Ruibo's Desktop\SenceTime_Week1\.venv\Lib\site-packages\trl\trainer\dpo_trainer.py:559: UserWarning: The `padding_value` property is deprecated and will be removed in version 0.26.0. Please use `pad_token_id` instead.
  warnings.warn(
[INFO|trainer.py:757] 2026-08-03 04:53:37,148 >> Using auto half precision backend
[WARNING|trainer.py:985] 2026-08-03 04:53:37,148 >> The tokenizer has new PAD/BOS/EOS tokens that differ from the model config and generation config. The model config and generation config were aligned accordingly, being updated with the tokenizer's values. Updated tokens: {'bos_token_id': None, 'pad_token_id': 151643}.
[INFO|trainer.py:2523] 2026-08-03 04:53:37,312 >> ***** Running training *****
[INFO|trainer.py:2524] 2026-08-03 04:53:37,312 >>   Num examples = 1,159
[INFO|trainer.py:2525] 2026-08-03 04:53:37,312 >>   Num Epochs = 2
[INFO|trainer.py:2526] 2026-08-03 04:53:37,312 >>   Instantaneous batch size per device = 1
[INFO|trainer.py:2529] 2026-08-03 04:53:37,312 >>   Total train batch size (w. parallel, distributed & accumulation) = 8
[INFO|trainer.py:2530] 2026-08-03 04:53:37,312 >>   Gradient Accumulation steps = 8
[INFO|trainer.py:2531] 2026-08-03 04:53:37,312 >>   Total optimization steps = 290
[INFO|trainer.py:2532] 2026-08-03 04:53:37,314 >>   Number of trainable parameters = 59,867,136

  0%|          | 0/290 [00:00<?, ?it/s]
  0%|          | 1/290 [00:04<19:49,  4.12s/it]
  1%|          | 2/290 [00:07<18:36,  3.88s/it]
  1%|          | 3/290 [00:11<17:35,  3.68s/it]
  1%|▏         | 4/290 [00:14<17:13,  3.61s/it]
  2%|▏         | 5/290 [00:18<16:57,  3.57s/it]
                                               

  2%|▏         | 5/290 [00:18<16:57,  3.57s/it]
  2%|▏         | 6/290 [00:22<17:15,  3.65s/it]
  2%|▏         | 7/290 [00:25<17:24,  3.69s/it]
  3%|▎         | 8/290 [00:29<17:07,  3.64s/it]
  3%|▎         | 9/290 [00:33<17:17,  3.69s/it]
  3%|▎         | 10/290 [00:36<16:32,  3.55s/it]
                                                

  3%|▎         | 10/290 [00:36<16:32,  3.55s/it]
  4%|▍         | 11/290 [00:39<16:27,  3.54s/it]
  4%|▍         | 12/290 [00:43<16:01,  3.46s/it]
  4%|▍         | 13/290 [00:46<15:41,  3.40s/it]
  5%|▍         | 14/290 [00:50<16:08,  3.51s/it]
  5%|▌         | 15/290 [00:53<15:48,  3.45s/it]
                                                

  5%|▌         | 15/290 [00:53<15:48,  3.45s/it]
  6%|▌         | 16/290 [00:57<15:51,  3.47s/it]
  6%|▌         | 17/290 [01:00<15:25,  3.39s/it]
  6%|▌         | 18/290 [01:03<15:16,  3.37s/it]
  7%|▋         | 19/290 [01:06<15:15,  3.38s/it]
  7%|▋         | 20/290 [01:10<15:19,  3.41s/it]
                                                

  7%|▋         | 20/290 [01:10<15:19,  3.41s/it]
  7%|▋         | 21/290 [01:14<15:48,  3.52s/it]
  8%|▊         | 22/290 [01:17<15:26,  3.46s/it]
  8%|▊         | 23/290 [01:20<14:57,  3.36s/it]
  8%|▊         | 24/290 [01:23<14:30,  3.27s/it]
  9%|▊         | 25/290 [01:27<14:42,  3.33s/it]
                                                

  9%|▊         | 25/290 [01:27<14:42,  3.33s/it]
  9%|▉         | 26/290 [01:30<14:49,  3.37s/it]
  9%|▉         | 27/290 [01:33<14:32,  3.32s/it]
 10%|▉         | 28/290 [01:36<13:58,  3.20s/it]
 10%|█         | 29/290 [01:40<14:00,  3.22s/it]
 10%|█         | 30/290 [01:43<14:07,  3.26s/it]
                                                

 10%|█         | 30/290 [01:43<14:07,  3.26s/it]
 11%|█         | 31/290 [01:47<14:37,  3.39s/it]
 11%|█         | 32/290 [01:50<14:41,  3.42s/it]
 11%|█▏        | 33/290 [01:53<14:28,  3.38s/it]
 12%|█▏        | 34/290 [01:57<14:06,  3.31s/it]
 12%|█▏        | 35/290 [02:00<14:06,  3.32s/it]
                                                

 12%|█▏        | 35/290 [02:00<14:06,  3.32s/it]
 12%|█▏        | 36/290 [02:03<14:18,  3.38s/it]
 13%|█▎        | 37/290 [02:07<14:23,  3.41s/it]
 13%|█▎        | 38/290 [02:10<14:03,  3.35s/it]
 13%|█▎        | 39/290 [02:13<13:28,  3.22s/it]
 14%|█▍        | 40/290 [02:16<13:24,  3.22s/it]
                                                

 14%|█▍        | 40/290 [02:16<13:24,  3.22s/it]
 14%|█▍        | 41/290 [02:20<13:30,  3.26s/it]
 14%|█▍        | 42/290 [02:23<13:28,  3.26s/it]
 15%|█▍        | 43/290 [02:26<13:06,  3.18s/it]
 15%|█▌        | 44/290 [02:29<13:05,  3.19s/it]
 16%|█▌        | 45/290 [02:32<13:05,  3.21s/it]
                                                

 16%|█▌        | 45/290 [02:32<13:05,  3.21s/it]
 16%|█▌        | 46/290 [02:35<12:57,  3.19s/it]
 16%|█▌        | 47/290 [02:39<13:06,  3.24s/it]
 17%|█▋        | 48/290 [02:42<13:29,  3.34s/it]
 17%|█▋        | 49/290 [02:46<13:19,  3.32s/it]
 17%|█▋        | 50/290 [02:49<12:49,  3.21s/it]
                                                

 17%|█▋        | 50/290 [02:49<12:49,  3.21s/it][INFO|trainer.py:4623] 2026-08-03 04:56:26,407 >> 
***** Running Evaluation *****
[INFO|trainer.py:4625] 2026-08-03 04:56:26,408 >>   Num examples = 62
[INFO|trainer.py:4628] 2026-08-03 04:56:26,408 >>   Batch size = 1
{'loss': 0.6922, 'grad_norm': 9.661539077758789, 'learning_rate': 6.896551724137931e-07, 'rewards/chosen': 0.008069157600402832, 'rewards/rejected': 0.005294333212077618, 'rewards/accuracies': 0.2750000059604645, 'rewards/margins': 0.0027748250868171453, 'logps/chosen': -428.2482604980469, 'logps/rejected': -316.16461181640625, 'logits/chosen': -1.5470834970474243, 'logits/rejected': -1.5822439193725586, 'epoch': 0.03}
{'loss': 0.6871, 'grad_norm': 8.811688423156738, 'learning_rate': 1.5517241379310346e-06, 'rewards/chosen': 0.002865302376449108, 'rewards/rejected': -0.011799230240285397, 'rewards/accuracies': 0.574999988079071, 'rewards/margins': 0.014664532616734505, 'logps/chosen': -400.8255310058594, 'logps/rejected': -259.79254150390625, 'logits/chosen': -1.531540870666504, 'logits/rejected': -1.4022175073623657, 'epoch': 0.07}
{'loss': 0.7188, 'grad_norm': 8.863383293151855, 'learning_rate': 2.4137931034482762e-06, 'rewards/chosen': -0.028775809332728386, 'rewards/rejected': 0.019250981509685516, 'rewards/accuracies': 0.3499999940395355, 'rewards/margins': -0.04802679643034935, 'logps/chosen': -436.7308654785156, 'logps/rejected': -273.1315612792969, 'logits/chosen': -1.4968794584274292, 'logits/rejected': -1.4508265256881714, 'epoch': 0.1}
{'loss': 0.6882, 'grad_norm': 9.91363525390625, 'learning_rate': 3.2758620689655175e-06, 'rewards/chosen': 0.014578225091099739, 'rewards/rejected': 0.0031082932837307453, 'rewards/accuracies': 0.6000000238418579, 'rewards/margins': 0.011469933204352856, 'logps/chosen': -397.2232360839844, 'logps/rejected': -271.784912109375, 'logits/chosen': -1.5522059202194214, 'logits/rejected': -1.4166605472564697, 'epoch': 0.14}
{'loss': 0.6862, 'grad_norm': 8.430930137634277, 'learning_rate': 4.137931034482759e-06, 'rewards/chosen': 0.016916794702410698, 'rewards/rejected': 0.0014491602778434753, 'rewards/accuracies': 0.675000011920929, 'rewards/margins': 0.015467631630599499, 'logps/chosen': -317.59722900390625, 'logps/rejected': -212.9612579345703, 'logits/chosen': -1.6937856674194336, 'logits/rejected': -1.4035433530807495, 'epoch': 0.17}
{'loss': 0.6826, 'grad_norm': 8.467672348022461, 'learning_rate': 5e-06, 'rewards/chosen': 0.037834566086530685, 'rewards/rejected': 0.01487878430634737, 'rewards/accuracies': 0.6500000357627869, 'rewards/margins': 0.02295578084886074, 'logps/chosen': -290.4632263183594, 'logps/rejected': -217.14781188964844, 'logits/chosen': -1.515447974205017, 'logits/rejected': -1.3305680751800537, 'epoch': 0.21}
{'loss': 0.6761, 'grad_norm': 10.469282150268555, 'learning_rate': 4.995473759140656e-06, 'rewards/chosen': 0.04181095212697983, 'rewards/rejected': 0.0037495156284421682, 'rewards/accuracies': 0.6500000357627869, 'rewards/margins': 0.038061436265707016, 'logps/chosen': -384.68701171875, 'logps/rejected': -262.654541015625, 'logits/chosen': -1.57270085811615, 'logits/rejected': -1.4977697134017944, 'epoch': 0.24}
{'loss': 0.6773, 'grad_norm': 9.541853904724121, 'learning_rate': 4.981911426047672e-06, 'rewards/chosen': 0.04796765372157097, 'rewards/rejected': 0.014011549763381481, 'rewards/accuracies': 0.675000011920929, 'rewards/margins': 0.033956099301576614, 'logps/chosen': -337.8019714355469, 'logps/rejected': -274.3321838378906, 'logits/chosen': -1.5796787738800049, 'logits/rejected': -1.4144700765609741, 'epoch': 0.28}
{'loss': 0.6857, 'grad_norm': 6.010523319244385, 'learning_rate': 4.959362109830007e-06, 'rewards/chosen': 0.013200484216213226, 'rewards/rejected': -0.003581871511414647, 'rewards/accuracies': 0.574999988079071, 'rewards/margins': 0.016782356426119804, 'logps/chosen': -212.49267578125, 'logps/rejected': -185.3464813232422, 'logits/chosen': -1.6152889728546143, 'logits/rejected': -1.545831561088562, 'epoch': 0.31}
{'loss': 0.6717, 'grad_norm': 7.545978546142578, 'learning_rate': 4.9279074613967915e-06, 'rewards/chosen': 0.04817753657698631, 'rewards/rejected': 0.0016047358512878418, 'rewards/accuracies': 0.699999988079071, 'rewards/margins': 0.04657280072569847, 'logps/chosen': -302.0398254394531, 'logps/rejected': -259.3573303222656, 'logits/chosen': -1.589475393295288, 'logits/rejected': -1.3735579252243042, 'epoch': 0.35}


  0%|          | 0/62 [00:00<?, ?it/s][A

  5%|▍         | 3/62 [00:00<00:05, 10.15it/s][A

  8%|▊         | 5/62 [00:00<00:06,  9.41it/s][A

 10%|▉         | 6/62 [00:00<00:05,  9.42it/s][A

 11%|█▏        | 7/62 [00:00<00:05,  9.24it/s][A

 13%|█▎        | 8/62 [00:00<00:06,  8.81it/s][A

 15%|█▍        | 9/62 [00:00<00:06,  8.81it/s][A

 16%|█▌        | 10/62 [00:01<00:06,  8.02it/s][A

 18%|█▊        | 11/62 [00:01<00:07,  6.38it/s][A

 19%|█▉        | 12/62 [00:01<00:07,  6.98it/s][A

 23%|██▎       | 14/62 [00:01<00:05,  8.09it/s][A

 24%|██▍       | 15/62 [00:01<00:05,  8.29it/s][A

 26%|██▌       | 16/62 [00:01<00:06,  7.27it/s][A

 27%|██▋       | 17/62 [00:02<00:06,  7.30it/s][A

 29%|██▉       | 18/62 [00:02<00:05,  7.87it/s][A

 31%|███       | 19/62 [00:02<00:05,  7.76it/s][A

 32%|███▏      | 20/62 [00:02<00:05,  7.07it/s][A

 34%|███▍      | 21/62 [00:02<00:05,  7.47it/s][A

 35%|███▌      | 22/62 [00:02<00:05,  6.90it/s][A

 37%|███▋      | 23/62 [00:02<00:05,  6.71it/s][A

 39%|███▊      | 24/62 [00:03<00:05,  6.63it/s][A

 40%|████      | 25/62 [00:03<00:05,  7.02it/s][A

 42%|████▏     | 26/62 [00:03<00:05,  6.01it/s][A

 44%|████▎     | 27/62 [00:03<00:05,  6.11it/s][A

 45%|████▌     | 28/62 [00:03<00:05,  6.69it/s][A

 47%|████▋     | 29/62 [00:03<00:05,  6.60it/s][A

 48%|████▊     | 30/62 [00:04<00:05,  6.22it/s][A

 50%|█████     | 31/62 [00:04<00:04,  6.49it/s][A

 52%|█████▏    | 32/62 [00:04<00:04,  6.43it/s][A

 53%|█████▎    | 33/62 [00:04<00:04,  6.69it/s][A

 55%|█████▍    | 34/62 [00:04<00:04,  6.36it/s][A

 56%|█████▋    | 35/62 [00:04<00:03,  7.06it/s][A

 58%|█████▊    | 36/62 [00:04<00:03,  7.57it/s][A

 60%|█████▉    | 37/62 [00:05<00:03,  7.92it/s][A

 61%|██████▏   | 38/62 [00:05<00:03,  7.89it/s][A

 63%|██████▎   | 39/62 [00:05<00:03,  7.15it/s][A

 65%|██████▍   | 40/62 [00:05<00:02,  7.48it/s][A

 66%|██████▌   | 41/62 [00:05<00:02,  7.42it/s][A

 68%|██████▊   | 42/62 [00:05<00:02,  7.25it/s][A

 69%|██████▉   | 43/62 [00:05<00:02,  6.36it/s][A

 71%|███████   | 44/62 [00:06<00:03,  5.86it/s][A

 73%|███████▎  | 45/62 [00:06<00:02,  6.13it/s][A

 74%|███████▍  | 46/62 [00:06<00:02,  5.69it/s][A

 76%|███████▌  | 47/62 [00:06<00:02,  6.05it/s][A

 77%|███████▋  | 48/62 [00:06<00:02,  6.18it/s][A

 79%|███████▉  | 49/62 [00:06<00:02,  6.11it/s][A

 81%|████████  | 50/62 [00:07<00:01,  6.85it/s][A

 82%|████████▏ | 51/62 [00:07<00:01,  6.33it/s][A

 84%|████████▍ | 52/62 [00:07<00:01,  6.99it/s][A

 85%|████████▌ | 53/62 [00:07<00:01,  6.14it/s][A

 87%|████████▋ | 54/62 [00:07<00:01,  6.86it/s][A

 89%|████████▊ | 55/62 [00:07<00:01,  6.32it/s][A

 90%|█████████ | 56/62 [00:07<00:00,  6.48it/s][A

 92%|█████████▏| 57/62 [00:08<00:00,  6.14it/s][A

 94%|█████████▎| 58/62 [00:08<00:00,  5.72it/s][A

 95%|█████████▌| 59/62 [00:08<00:00,  6.46it/s][A

 97%|█████████▋| 60/62 [00:08<00:00,  6.85it/s][A

 98%|█████████▊| 61/62 [00:08<00:00,  6.19it/s][A

100%|██████████| 62/62 [00:08<00:00,  6.78it/s][A
                                                


                                               
[A
 17%|█▋        | 50/290 [02:58<12:49,  3.21s/it]

100%|██████████| 62/62 [00:08<00:00,  6.78it/s][A

                                               [A
 18%|█▊        | 51/290 [03:00<23:04,  5.79s/it]
 18%|█▊        | 52/290 [03:03<19:05,  4.81s/it]
 18%|█▊        | 53/290 [03:06<17:04,  4.32s/it]
 19%|█▊        | 54/290 [03:09<15:03,  3.83s/it]
 19%|█▉        | 55/290 [03:11<13:27,  3.44s/it]
                                                

 19%|█▉        | 55/290 [03:11<13:27,  3.44s/it]
 19%|█▉        | 56/290 [03:14<12:23,  3.18s/it]
 20%|█▉        | 57/290 [03:17<12:10,  3.14s/it]
 20%|██        | 58/290 [03:20<11:42,  3.03s/it]
 20%|██        | 59/290 [03:23<11:29,  2.99s/it]
 21%|██        | 60/290 [03:25<11:19,  2.96s/it]
                                                

 21%|██        | 60/290 [03:25<11:19,  2.96s/it]
 21%|██        | 61/290 [03:29<11:22,  2.98s/it]
 21%|██▏       | 62/290 [03:32<11:22,  2.99s/it]
 22%|██▏       | 63/290 [03:35<11:31,  3.05s/it]
 22%|██▏       | 64/290 [03:37<10:41,  2.84s/it]
 22%|██▏       | 65/290 [03:40<10:41,  2.85s/it]
                                                

 22%|██▏       | 65/290 [03:40<10:41,  2.85s/it]
 23%|██▎       | 66/290 [03:42<10:17,  2.76s/it]
 23%|██▎       | 67/290 [03:45<10:27,  2.81s/it]
 23%|██▎       | 68/290 [03:48<10:29,  2.84s/it]
 24%|██▍       | 69/290 [03:51<10:28,  2.84s/it]
 24%|██▍       | 70/290 [03:54<10:16,  2.80s/it]
                                                

 24%|██▍       | 70/290 [03:54<10:16,  2.80s/it]
 24%|██▍       | 71/290 [03:57<10:21,  2.84s/it]
 25%|██▍       | 72/290 [04:00<10:25,  2.87s/it]
 25%|██▌       | 73/290 [04:02<09:55,  2.74s/it]
 26%|██▌       | 74/290 [04:05<09:50,  2.73s/it]
 26%|██▌       | 75/290 [04:08<09:42,  2.71s/it]
                                                

 26%|██▌       | 75/290 [04:08<09:42,  2.71s/it]
 26%|██▌       | 76/290 [04:10<09:33,  2.68s/it]
 27%|██▋       | 77/290 [04:13<09:18,  2.62s/it]
 27%|██▋       | 78/290 [04:15<09:24,  2.66s/it]
 27%|██▋       | 79/290 [04:19<09:53,  2.81s/it]
 28%|██▊       | 80/290 [04:22<10:10,  2.91s/it]
                                                

 28%|██▊       | 80/290 [04:22<10:10,  2.91s/it]
 28%|██▊       | 81/290 [04:25<10:03,  2.89s/it]
 28%|██▊       | 82/290 [04:28<10:07,  2.92s/it]
 29%|██▊       | 83/290 [04:31<10:25,  3.02s/it]
 29%|██▉       | 84/290 [04:33<09:56,  2.90s/it]
 29%|██▉       | 85/290 [04:36<09:43,  2.84s/it]
                                                

 29%|██▉       | 85/290 [04:36<09:43,  2.84s/it]
 30%|██▉       | 86/290 [04:39<09:51,  2.90s/it]
 30%|███       | 87/290 [04:42<09:48,  2.90s/it]
 30%|███       | 88/290 [04:44<09:10,  2.72s/it]
 31%|███       | 89/290 [04:47<08:55,  2.67s/it]
 31%|███       | 90/290 [04:50<08:54,  2.67s/it]
                                                

 31%|███       | 90/290 [04:50<08:54,  2.67s/it]
 31%|███▏      | 91/290 [04:53<09:13,  2.78s/it]
 32%|███▏      | 92/290 [04:56<09:22,  2.84s/it]
 32%|███▏      | 93/290 [04:58<09:22,  2.86s/it]
 32%|███▏      | 94/290 [05:01<09:25,  2.89s/it]
 33%|███▎      | 95/290 [05:04<09:06,  2.80s/it]
                                                

 33%|███▎      | 95/290 [05:04<09:06,  2.80s/it]
 33%|███▎      | 96/290 [05:07<09:06,  2.82s/it]
 33%|███▎      | 97/290 [05:10<09:02,  2.81s/it]
 34%|███▍      | 98/290 [05:12<08:55,  2.79s/it]
 34%|███▍      | 99/290 [05:15<08:57,  2.82s/it]
 34%|███▍      | 100/290 [05:18<08:53,  2.81s/it]
                                                 

 34%|███▍      | 100/290 [05:18<08:53,  2.81s/it][INFO|trainer.py:4623] 2026-08-03 04:58:55,937 >> 
***** Running Evaluation *****
[INFO|trainer.py:4625] 2026-08-03 04:58:55,937 >>   Num examples = 62
[INFO|trainer.py:4628] 2026-08-03 04:58:55,937 >>   Batch size = 1
{'eval_loss': 0.6557576060295105, 'eval_runtime': 9.1082, 'eval_samples_per_second': 6.807, 'eval_steps_per_second': 6.807, 'eval_rewards/chosen': 0.05772180110216141, 'eval_rewards/rejected': -0.023620527237653732, 'eval_rewards/accuracies': 0.6935483813285828, 'eval_rewards/margins': 0.08134232461452484, 'eval_logps/chosen': -313.8059997558594, 'eval_logps/rejected': -226.8671417236328, 'eval_logits/chosen': -1.6550686359405518, 'eval_logits/rejected': -1.5245673656463623, 'epoch': 0.35}
{'loss': 0.6715, 'grad_norm': 7.332682132720947, 'learning_rate': 4.887661377799989e-06, 'rewards/chosen': 0.04783519729971886, 'rewards/rejected': -0.0012733031762763858, 'rewards/accuracies': 0.675000011920929, 'rewards/margins': 0.04910850152373314, 'logps/chosen': -276.5263977050781, 'logps/rejected': -239.333740234375, 'logits/chosen': -1.6754850149154663, 'logits/rejected': -1.6420793533325195, 'epoch': 0.38}
{'loss': 0.68, 'grad_norm': 7.876412391662598, 'learning_rate': 4.838769589814003e-06, 'rewards/chosen': 0.07006942480802536, 'rewards/rejected': 0.03689024597406387, 'rewards/accuracies': 0.5250000357627869, 'rewards/margins': 0.03317919000983238, 'logps/chosen': -309.31298828125, 'logps/rejected': -255.0252227783203, 'logits/chosen': -1.5502455234527588, 'logits/rejected': -1.404663324356079, 'epoch': 0.41}
{'loss': 0.671, 'grad_norm': 9.628923416137695, 'learning_rate': 4.781409134245608e-06, 'rewards/chosen': 0.07698246091604233, 'rewards/rejected': 0.02491803653538227, 'rewards/accuracies': 0.550000011920929, 'rewards/margins': 0.052064426243305206, 'logps/chosen': -400.6169128417969, 'logps/rejected': -271.8152770996094, 'logits/chosen': -1.589697241783142, 'logits/rejected': -1.4190987348556519, 'epoch': 0.45}
{'loss': 0.6576, 'grad_norm': 8.396671295166016, 'learning_rate': 4.715787712884969e-06, 'rewards/chosen': 0.06197422742843628, 'rewards/rejected': -0.014330572448670864, 'rewards/accuracies': 0.699999988079071, 'rewards/margins': 0.07630480825901031, 'logps/chosen': -328.63629150390625, 'logps/rejected': -272.40380859375, 'logits/chosen': -1.4842294454574585, 'logits/rejected': -1.3526792526245117, 'epoch': 0.48}
{'loss': 0.6518, 'grad_norm': 9.035050392150879, 'learning_rate': 4.642142940418973e-06, 'rewards/chosen': 0.1119123250246048, 'rewards/rejected': 0.017184538766741753, 'rewards/accuracies': 0.75, 'rewards/margins': 0.0947277769446373, 'logps/chosen': -355.3359069824219, 'logps/rejected': -196.91177368164062, 'logits/chosen': -1.3817768096923828, 'logits/rejected': -1.364666223526001, 'epoch': 0.52}
{'loss': 0.6443, 'grad_norm': 8.373801231384277, 'learning_rate': 4.560741484030192e-06, 'rewards/chosen': 0.10309920459985733, 'rewards/rejected': -0.004150775261223316, 'rewards/accuracies': 0.800000011920929, 'rewards/margins': 0.10724997520446777, 'logps/chosen': -372.5202331542969, 'logps/rejected': -314.25439453125, 'logits/chosen': -1.6126543283462524, 'logits/rejected': -1.5719040632247925, 'epoch': 0.55}
{'loss': 0.653, 'grad_norm': 9.676789283752441, 'learning_rate': 4.471878097796958e-06, 'rewards/chosen': 0.07815253734588623, 'rewards/rejected': -0.017691977322101593, 'rewards/accuracies': 0.75, 'rewards/margins': 0.09584451466798782, 'logps/chosen': -310.0124206542969, 'logps/rejected': -250.92491149902344, 'logits/chosen': -1.5992182493209839, 'logits/rejected': -1.3943231105804443, 'epoch': 0.59}
{'loss': 0.629, 'grad_norm': 6.722537517547607, 'learning_rate': 4.3758745553910065e-06, 'rewards/chosen': 0.09666191786527634, 'rewards/rejected': -0.045236777514219284, 'rewards/accuracies': 0.699999988079071, 'rewards/margins': 0.14189869165420532, 'logps/chosen': -223.6759796142578, 'logps/rejected': -179.86952209472656, 'logits/chosen': -1.5246431827545166, 'logits/rejected': -1.352403998374939, 'epoch': 0.62}
{'loss': 0.621, 'grad_norm': 7.078769683837891, 'learning_rate': 4.2730784849373615e-06, 'rewards/chosen': 0.10832724720239639, 'rewards/rejected': -0.05615859851241112, 'rewards/accuracies': 0.824999988079071, 'rewards/margins': 0.1644858568906784, 'logps/chosen': -396.6341247558594, 'logps/rejected': -258.6254577636719, 'logits/chosen': -1.5741045475006104, 'logits/rejected': -1.4586968421936035, 'epoch': 0.66}
{'loss': 0.6733, 'grad_norm': 7.053292751312256, 'learning_rate': 4.163862110255436e-06, 'rewards/chosen': 0.0921178087592125, 'rewards/rejected': 0.036041658371686935, 'rewards/accuracies': 0.699999988079071, 'rewards/margins': 0.05607614666223526, 'logps/chosen': -277.3493957519531, 'logps/rejected': -282.5326232910156, 'logits/chosen': -1.5046614408493042, 'logits/rejected': -1.507935881614685, 'epoch': 0.69}


  0%|          | 0/62 [00:00<?, ?it/s][A

  3%|▎         | 2/62 [00:00<00:03, 17.69it/s][A

  6%|▋         | 4/62 [00:00<00:06,  8.86it/s][A

 10%|▉         | 6/62 [00:00<00:06,  8.83it/s][A

 13%|█▎        | 8/62 [00:00<00:05,  9.23it/s][A

 16%|█▌        | 10/62 [00:01<00:05,  8.80it/s][A

 18%|█▊        | 11/62 [00:01<00:06,  7.53it/s][A

 19%|█▉        | 12/62 [00:01<00:06,  7.81it/s][A

 23%|██▎       | 14/62 [00:01<00:05,  8.48it/s][A

 26%|██▌       | 16/62 [00:01<00:05,  8.19it/s][A

 27%|██▋       | 17/62 [00:02<00:05,  8.06it/s][A

 29%|██▉       | 18/62 [00:02<00:05,  8.05it/s][A

 32%|███▏      | 20/62 [00:02<00:05,  7.71it/s][A

 35%|███▌      | 22/62 [00:02<00:05,  7.79it/s][A

 37%|███▋      | 23/62 [00:02<00:05,  7.29it/s][A

 39%|███▊      | 24/62 [00:02<00:05,  7.25it/s][A

 40%|████      | 25/62 [00:03<00:04,  7.59it/s][A

 42%|████▏     | 26/62 [00:03<00:05,  6.62it/s][A

 44%|████▎     | 27/62 [00:03<00:05,  6.77it/s][A

 45%|████▌     | 28/62 [00:03<00:04,  7.16it/s][A

 47%|████▋     | 29/62 [00:03<00:04,  6.94it/s][A

 48%|████▊     | 30/62 [00:03<00:04,  6.52it/s][A

 50%|█████     | 31/62 [00:03<00:04,  7.06it/s][A

 52%|█████▏    | 32/62 [00:04<00:04,  6.79it/s][A

 53%|█████▎    | 33/62 [00:04<00:04,  7.14it/s][A

 55%|█████▍    | 34/62 [00:04<00:04,  6.95it/s][A

 56%|█████▋    | 35/62 [00:04<00:03,  7.64it/s][A

 58%|█████▊    | 36/62 [00:04<00:03,  8.03it/s][A

 61%|██████▏   | 38/62 [00:04<00:02,  8.36it/s][A

 63%|██████▎   | 39/62 [00:05<00:03,  7.19it/s][A

 65%|██████▍   | 40/62 [00:05<00:02,  7.69it/s][A

 66%|██████▌   | 41/62 [00:05<00:02,  7.91it/s][A

 68%|██████▊   | 42/62 [00:05<00:02,  7.70it/s][A

 69%|██████▉   | 43/62 [00:05<00:02,  6.43it/s][A

 71%|███████   | 44/62 [00:05<00:03,  5.80it/s][A

 73%|███████▎  | 45/62 [00:06<00:02,  6.13it/s][A

 74%|███████▍  | 46/62 [00:06<00:02,  5.73it/s][A

 76%|███████▌  | 47/62 [00:06<00:02,  6.16it/s][A

 77%|███████▋  | 48/62 [00:06<00:02,  6.14it/s][A

 81%|████████  | 50/62 [00:06<00:01,  7.27it/s][A

 82%|████████▏ | 51/62 [00:06<00:01,  6.73it/s][A

 84%|████████▍ | 52/62 [00:07<00:01,  7.15it/s][A

 85%|████████▌ | 53/62 [00:07<00:01,  6.27it/s][A

 87%|████████▋ | 54/62 [00:07<00:01,  6.93it/s][A

 89%|████████▊ | 55/62 [00:07<00:01,  6.36it/s][A

 90%|█████████ | 56/62 [00:07<00:00,  6.58it/s][A

 92%|█████████▏| 57/62 [00:07<00:00,  6.46it/s][A

 94%|█████████▎| 58/62 [00:08<00:00,  5.80it/s][A

 95%|█████████▌| 59/62 [00:08<00:00,  6.58it/s][A

 97%|█████████▋| 60/62 [00:08<00:00,  6.92it/s][A

 98%|█████████▊| 61/62 [00:08<00:00,  6.21it/s][A

100%|██████████| 62/62 [00:08<00:00,  6.50it/s][A
                                                 


                                               
[A
 34%|███▍      | 100/290 [05:27<08:53,  2.81s/it]

100%|██████████| 62/62 [00:08<00:00,  6.50it/s][A

                                               [A
 35%|███▍      | 101/290 [05:30<17:03,  5.41s/it]
 35%|███▌      | 102/290 [05:33<15:01,  4.79s/it]
 36%|███▌      | 103/290 [05:36<13:10,  4.23s/it]
 36%|███▌      | 104/290 [05:38<11:28,  3.70s/it]
 36%|███▌      | 105/290 [05:42<10:59,  3.56s/it]
                                                 

 36%|███▌      | 105/290 [05:42<10:59,  3.56s/it]
 37%|███▋      | 106/290 [05:44<09:59,  3.26s/it]
 37%|███▋      | 107/290 [05:47<09:26,  3.09s/it]
 37%|███▋      | 108/290 [05:50<09:04,  2.99s/it]
 38%|███▊      | 109/290 [05:53<09:05,  3.02s/it]
 38%|███▊      | 110/290 [05:55<08:52,  2.96s/it]
                                                 

 38%|███▊      | 110/290 [05:55<08:52,  2.96s/it]
 38%|███▊      | 111/290 [05:59<09:01,  3.03s/it]
 39%|███▊      | 112/290 [06:02<09:04,  3.06s/it]
 39%|███▉      | 113/290 [06:04<08:38,  2.93s/it]
 39%|███▉      | 114/290 [06:08<09:01,  3.08s/it]
 40%|███▉      | 115/290 [06:10<08:30,  2.92s/it]
                                                 

 40%|███▉      | 115/290 [06:10<08:30,  2.92s/it]
 40%|████      | 116/290 [06:13<08:25,  2.90s/it]
 40%|████      | 117/290 [06:16<08:35,  2.98s/it]
 41%|████      | 118/290 [06:19<08:33,  2.98s/it]
 41%|████      | 119/290 [06:22<08:22,  2.94s/it]
 41%|████▏     | 120/290 [06:25<08:10,  2.89s/it]
                                                 

 41%|████▏     | 120/290 [06:25<08:10,  2.89s/it]
 42%|████▏     | 121/290 [06:29<08:47,  3.12s/it]
 42%|████▏     | 122/290 [06:31<08:21,  2.99s/it]
 42%|████▏     | 123/290 [06:34<08:07,  2.92s/it]
 43%|████▎     | 124/290 [06:37<07:59,  2.89s/it]
 43%|████▎     | 125/290 [06:40<07:58,  2.90s/it]
                                                 

 43%|████▎     | 125/290 [06:40<07:58,  2.90s/it]
 43%|████▎     | 126/290 [06:43<07:49,  2.86s/it]
 44%|████▍     | 127/290 [06:46<08:09,  3.00s/it]
 44%|████▍     | 128/290 [06:49<08:08,  3.02s/it]
 44%|████▍     | 129/290 [06:52<07:55,  2.95s/it]
 45%|████▍     | 130/290 [06:54<07:36,  2.85s/it]
                                                 

 45%|████▍     | 130/290 [06:54<07:36,  2.85s/it]
 45%|████▌     | 131/290 [06:58<07:44,  2.92s/it]
 46%|████▌     | 132/290 [07:00<07:32,  2.86s/it]
 46%|████▌     | 133/290 [07:03<07:35,  2.90s/it]
 46%|████▌     | 134/290 [07:06<07:25,  2.85s/it]
 47%|████▋     | 135/290 [07:09<07:35,  2.94s/it]
                                                 

 47%|████▋     | 135/290 [07:09<07:35,  2.94s/it]
 47%|████▋     | 136/290 [07:12<07:46,  3.03s/it]
 47%|████▋     | 137/290 [07:15<07:47,  3.06s/it]
 48%|████▊     | 138/290 [07:19<07:46,  3.07s/it]
 48%|████▊     | 139/290 [07:21<07:34,  3.01s/it]
 48%|████▊     | 140/290 [07:24<07:18,  2.92s/it]
                                                 

 48%|████▊     | 140/290 [07:24<07:18,  2.92s/it]
 49%|████▊     | 141/290 [07:27<07:25,  2.99s/it]
 49%|████▉     | 142/290 [07:30<07:24,  3.00s/it]
 49%|████▉     | 143/290 [07:34<07:32,  3.08s/it]
 50%|████▉     | 144/290 [07:36<07:18,  3.00s/it]
 50%|█████     | 145/290 [07:39<06:52,  2.84s/it]
                                                 

 50%|█████     | 145/290 [07:39<06:52,  2.84s/it]
 50%|█████     | 146/290 [07:42<06:53,  2.87s/it]
 51%|█████     | 147/290 [07:45<06:55,  2.91s/it]
 51%|█████     | 148/290 [07:48<07:06,  3.01s/it]
 51%|█████▏    | 149/290 [07:51<06:58,  2.97s/it]
 52%|█████▏    | 150/290 [07:54<06:45,  2.89s/it]
                                                 

 52%|█████▏    | 150/290 [07:54<06:45,  2.89s/it][INFO|trainer.py:4623] 2026-08-03 05:01:31,492 >> 
***** Running Evaluation *****
[INFO|trainer.py:4625] 2026-08-03 05:01:31,493 >>   Num examples = 62
[INFO|trainer.py:4628] 2026-08-03 05:01:31,493 >>   Batch size = 1
{'eval_loss': 0.5846248269081116, 'eval_runtime': 8.8017, 'eval_samples_per_second': 7.044, 'eval_steps_per_second': 7.044, 'eval_rewards/chosen': 0.15379902720451355, 'eval_rewards/rejected': -0.10468936711549759, 'eval_rewards/accuracies': 0.8064515590667725, 'eval_rewards/margins': 0.25848838686943054, 'eval_logps/chosen': -312.8452453613281, 'eval_logps/rejected': -227.6778564453125, 'eval_logits/chosen': -1.645599126815796, 'eval_logits/rejected': -1.502950668334961, 'epoch': 0.69}
{'loss': 0.6489, 'grad_norm': 11.012430191040039, 'learning_rate': 4.048620903039308e-06, 'rewards/chosen': 0.12551632523536682, 'rewards/rejected': 0.006829625461250544, 'rewards/accuracies': 0.675000011920929, 'rewards/margins': 0.11868669092655182, 'logps/chosen': -333.0026550292969, 'logps/rejected': -263.555908203125, 'logits/chosen': -1.5728797912597656, 'logits/rejected': -1.4004974365234375, 'epoch': 0.72}
{'loss': 0.6079, 'grad_norm': 8.17505168914795, 'learning_rate': 3.927772150857601e-06, 'rewards/chosen': 0.12517592310905457, 'rewards/rejected': -0.08445760607719421, 'rewards/accuracies': 0.7750000357627869, 'rewards/margins': 0.20963351428508759, 'logps/chosen': -294.65643310546875, 'logps/rejected': -210.0121612548828, 'logits/chosen': -1.3751261234283447, 'logits/rejected': -1.3096603155136108, 'epoch': 0.76}
{'loss': 0.6334, 'grad_norm': 7.944301128387451, 'learning_rate': 3.8017534461582563e-06, 'rewards/chosen': 0.13362832367420197, 'rewards/rejected': -0.012360273860394955, 'rewards/accuracies': 0.7250000238418579, 'rewards/margins': 0.1459885835647583, 'logps/chosen': -304.51806640625, 'logps/rejected': -232.587890625, 'logits/chosen': -1.6199162006378174, 'logits/rejected': -1.3114187717437744, 'epoch': 0.79}
{'loss': 0.6259, 'grad_norm': 6.857199668884277, 'learning_rate': 3.671021101749476e-06, 'rewards/chosen': 0.08821171522140503, 'rewards/rejected': -0.08570460230112076, 'rewards/accuracies': 0.675000011920929, 'rewards/margins': 0.17391632497310638, 'logps/chosen': -246.193115234375, 'logps/rejected': -268.09332275390625, 'logits/chosen': -1.5014405250549316, 'logits/rejected': -1.29954993724823, 'epoch': 0.83}
{'loss': 0.602, 'grad_norm': 6.632401943206787, 'learning_rate': 3.5360484984943797e-06, 'rewards/chosen': 0.19236619770526886, 'rewards/rejected': -0.037728600203990936, 'rewards/accuracies': 0.699999988079071, 'rewards/margins': 0.2300947904586792, 'logps/chosen': -341.09539794921875, 'logps/rejected': -260.4991149902344, 'logits/chosen': -1.5023998022079468, 'logits/rejected': -1.3270914554595947, 'epoch': 0.86}
{'loss': 0.6, 'grad_norm': 7.562140941619873, 'learning_rate': 3.397324371202365e-06, 'rewards/chosen': 0.14294758439064026, 'rewards/rejected': -0.10911412537097931, 'rewards/accuracies': 0.7250000238418579, 'rewards/margins': 0.2520616948604584, 'logps/chosen': -316.848388671875, 'logps/rejected': -287.346923828125, 'logits/chosen': -1.6268503665924072, 'logits/rejected': -1.4889168739318848, 'epoch': 0.9}
{'loss': 0.6025, 'grad_norm': 9.627021789550781, 'learning_rate': 3.255351038923932e-06, 'rewards/chosen': 0.17862315475940704, 'rewards/rejected': -0.04802983999252319, 'rewards/accuracies': 0.7250000238418579, 'rewards/margins': 0.22665297985076904, 'logps/chosen': -328.474609375, 'logps/rejected': -249.892822265625, 'logits/chosen': -1.4641363620758057, 'logits/rejected': -1.2729130983352661, 'epoch': 0.93}
{'loss': 0.5667, 'grad_norm': 7.6501336097717285, 'learning_rate': 3.110642586057078e-06, 'rewards/chosen': 0.17571324110031128, 'rewards/rejected': -0.1507769674062729, 'rewards/accuracies': 0.8500000238418579, 'rewards/margins': 0.32649022340774536, 'logps/chosen': -366.09033203125, 'logps/rejected': -239.93692016601562, 'logits/chosen': -1.5960174798965454, 'logits/rejected': -1.4531619548797607, 'epoch': 0.97}
{'loss': 0.6119, 'grad_norm': 10.842642784118652, 'learning_rate': 2.9637230008514495e-06, 'rewards/chosen': 0.23734533786773682, 'rewards/rejected': -0.009342939592897892, 'rewards/accuracies': 0.7179487347602844, 'rewards/margins': 0.24668826162815094, 'logps/chosen': -349.5143737792969, 'logps/rejected': -295.6561279296875, 'logits/chosen': -1.4185662269592285, 'logits/rejected': -1.2309011220932007, 'epoch': 1.0}
{'loss': 0.5162, 'grad_norm': 6.938403129577637, 'learning_rate': 2.815124278050724e-06, 'rewards/chosen': 0.2951975166797638, 'rewards/rejected': -0.1681450605392456, 'rewards/accuracies': 0.875, 'rewards/margins': 0.4633425772190094, 'logps/chosen': -431.1277770996094, 'logps/rejected': -266.6382751464844, 'logits/chosen': -1.5465863943099976, 'logits/rejected': -1.455995798110962, 'epoch': 1.03}


  0%|          | 0/62 [00:00<?, ?it/s][A

  3%|▎         | 2/62 [00:00<00:04, 12.44it/s][A

  6%|▋         | 4/62 [00:00<00:07,  8.09it/s][A

  8%|▊         | 5/62 [00:01<00:29,  1.93it/s][A

 10%|▉         | 6/62 [00:02<00:22,  2.48it/s][A

 11%|█▏        | 7/62 [00:02<00:17,  3.14it/s][A

 13%|█▎        | 8/62 [00:02<00:14,  3.82it/s][A

 16%|█▌        | 10/62 [00:02<00:10,  5.10it/s][A

 18%|█▊        | 11/62 [00:02<00:10,  5.03it/s][A

 19%|█▉        | 12/62 [00:02<00:08,  5.68it/s][A

 21%|██        | 13/62 [00:02<00:08,  6.08it/s][A

 23%|██▎       | 14/62 [00:03<00:07,  6.49it/s][A

 24%|██▍       | 15/62 [00:03<00:06,  7.03it/s][A

 26%|██▌       | 16/62 [00:03<00:06,  6.62it/s][A

 27%|██▋       | 17/62 [00:03<00:06,  6.85it/s][A

 29%|██▉       | 18/62 [00:03<00:06,  7.29it/s][A

 31%|███       | 19/62 [00:03<00:05,  7.54it/s][A

 32%|███▏      | 20/62 [00:03<00:05,  7.15it/s][A

 34%|███▍      | 21/62 [00:04<00:05,  7.34it/s][A

 35%|███▌      | 22/62 [00:04<00:05,  6.87it/s][A

 37%|███▋      | 23/62 [00:04<00:05,  6.59it/s][A

 39%|███▊      | 24/62 [00:04<00:05,  6.65it/s][A

 40%|████      | 25/62 [00:04<00:05,  7.32it/s][A

 42%|████▏     | 26/62 [00:04<00:05,  6.23it/s][A

 44%|████▎     | 27/62 [00:05<00:05,  6.46it/s][A

 45%|████▌     | 28/62 [00:05<00:04,  7.16it/s][A

 47%|████▋     | 29/62 [00:05<00:04,  6.89it/s][A

 48%|████▊     | 30/62 [00:05<00:04,  6.48it/s][A

 50%|█████     | 31/62 [00:05<00:04,  6.90it/s][A

 52%|█████▏    | 32/62 [00:05<00:04,  6.73it/s][A

 53%|█████▎    | 33/62 [00:05<00:04,  6.99it/s][A

 55%|█████▍    | 34/62 [00:06<00:04,  6.68it/s][A

 56%|█████▋    | 35/62 [00:06<00:03,  7.14it/s][A

 60%|█████▉    | 37/62 [00:06<00:03,  7.72it/s][A

 61%|██████▏   | 38/62 [00:06<00:03,  7.81it/s][A

 63%|██████▎   | 39/62 [00:06<00:03,  7.07it/s][A

 66%|██████▌   | 41/62 [00:06<00:02,  7.83it/s][A

 68%|██████▊   | 42/62 [00:07<00:02,  8.02it/s][A

 69%|██████▉   | 43/62 [00:07<00:02,  6.81it/s][A

 71%|███████   | 44/62 [00:07<00:02,  6.07it/s][A

 73%|███████▎  | 45/62 [00:07<00:02,  6.34it/s][A

 74%|███████▍  | 46/62 [00:07<00:02,  6.05it/s][A

 76%|███████▌  | 47/62 [00:07<00:02,  6.30it/s][A

 77%|███████▋  | 48/62 [00:08<00:02,  6.30it/s][A

 79%|███████▉  | 49/62 [00:08<00:01,  6.92it/s][A

 82%|████████▏ | 51/62 [00:08<00:01,  6.91it/s][A

 84%|████████▍ | 52/62 [00:08<00:01,  7.42it/s][A

 85%|████████▌ | 53/62 [00:08<00:01,  6.48it/s][A

 87%|████████▋ | 54/62 [00:08<00:01,  7.02it/s][A

 89%|████████▊ | 55/62 [00:09<00:01,  6.33it/s][A

 90%|█████████ | 56/62 [00:09<00:00,  6.60it/s][A

 92%|█████████▏| 57/62 [00:09<00:00,  6.29it/s][A

 94%|█████████▎| 58/62 [00:09<00:00,  5.86it/s][A

 95%|█████████▌| 59/62 [00:09<00:00,  6.45it/s][A

 97%|█████████▋| 60/62 [00:09<00:00,  6.93it/s][A

 98%|█████████▊| 61/62 [00:10<00:00,  6.19it/s][A

100%|██████████| 62/62 [00:10<00:00,  6.85it/s][A
                                                 


                                               
[A
 52%|█████▏    | 150/290 [08:04<06:45,  2.89s/it]

100%|██████████| 62/62 [00:10<00:00,  6.85it/s][A

                                               [A
 52%|█████▏    | 151/290 [08:07<14:02,  6.06s/it]
 52%|█████▏    | 152/290 [08:10<12:03,  5.24s/it]
 53%|█████▎    | 153/290 [08:13<10:06,  4.43s/it]
 53%|█████▎    | 154/290 [08:16<08:54,  3.93s/it]
 53%|█████▎    | 155/290 [08:19<08:08,  3.62s/it]
                                                 

 53%|█████▎    | 155/290 [08:19<08:08,  3.62s/it]
 54%|█████▍    | 156/290 [08:22<07:36,  3.40s/it]
 54%|█████▍    | 157/290 [08:24<07:05,  3.20s/it]
 54%|█████▍    | 158/290 [08:27<06:59,  3.18s/it]
 55%|█████▍    | 159/290 [08:30<06:43,  3.08s/it]
 55%|█████▌    | 160/290 [08:33<06:35,  3.04s/it]
                                                 

 55%|█████▌    | 160/290 [08:33<06:35,  3.04s/it]
 56%|█████▌    | 161/290 [08:36<06:12,  2.89s/it]
 56%|█████▌    | 162/290 [08:39<06:14,  2.93s/it]
 56%|█████▌    | 163/290 [08:41<05:59,  2.83s/it]
 57%|█████▋    | 164/290 [08:44<05:38,  2.69s/it]
 57%|█████▋    | 165/290 [08:46<05:26,  2.61s/it]
                                                 

 57%|█████▋    | 165/290 [08:46<05:26,  2.61s/it]
 57%|█████▋    | 166/290 [08:49<05:27,  2.64s/it]
 58%|█████▊    | 167/290 [08:51<05:21,  2.61s/it]
 58%|█████▊    | 168/290 [08:54<05:19,  2.62s/it]
 58%|█████▊    | 169/290 [08:57<05:40,  2.82s/it]
 59%|█████▊    | 170/290 [09:00<05:31,  2.77s/it]
                                                 

 59%|█████▊    | 170/290 [09:00<05:31,  2.77s/it]
 59%|█████▉    | 171/290 [09:03<05:24,  2.73s/it]
 59%|█████▉    | 172/290 [09:05<05:20,  2.72s/it]
 60%|█████▉    | 173/290 [09:08<05:31,  2.84s/it]
 60%|██████    | 174/290 [09:11<05:26,  2.81s/it]
 60%|██████    | 175/290 [09:14<05:30,  2.88s/it]
                                                 

 60%|██████    | 175/290 [09:14<05:30,  2.88s/it]
 61%|██████    | 176/290 [09:17<05:09,  2.72s/it]
 61%|██████    | 177/290 [09:19<04:53,  2.60s/it]
 61%|██████▏   | 178/290 [09:21<04:49,  2.59s/it]
 62%|██████▏   | 179/290 [09:25<05:04,  2.74s/it]
 62%|██████▏   | 180/290 [09:28<05:18,  2.89s/it]
                                                 

 62%|██████▏   | 180/290 [09:28<05:18,  2.89s/it]
 62%|██████▏   | 181/290 [09:30<05:08,  2.83s/it]
 63%|██████▎   | 182/290 [09:33<05:03,  2.81s/it]
 63%|██████▎   | 183/290 [09:36<04:57,  2.78s/it]
 63%|██████▎   | 184/290 [09:38<04:42,  2.66s/it]
 64%|██████▍   | 185/290 [09:41<04:36,  2.63s/it]
                                                 

 64%|██████▍   | 185/290 [09:41<04:36,  2.63s/it]
 64%|██████▍   | 186/290 [09:44<04:38,  2.68s/it]
 64%|██████▍   | 187/290 [09:46<04:31,  2.63s/it]
 65%|██████▍   | 188/290 [09:49<04:34,  2.69s/it]
 65%|██████▌   | 189/290 [09:52<04:42,  2.80s/it]
 66%|██████▌   | 190/290 [09:55<04:34,  2.75s/it]
                                                 

 66%|██████▌   | 190/290 [09:55<04:34,  2.75s/it]
 66%|██████▌   | 191/290 [09:57<04:26,  2.69s/it]
 66%|██████▌   | 192/290 [10:00<04:31,  2.77s/it]
 67%|██████▋   | 193/290 [10:03<04:33,  2.82s/it]
 67%|██████▋   | 194/290 [10:06<04:31,  2.83s/it]
 67%|██████▋   | 195/290 [10:09<04:26,  2.81s/it]
                                                 

 67%|██████▋   | 195/290 [10:09<04:26,  2.81s/it]
 68%|██████▊   | 196/290 [10:12<04:25,  2.82s/it]
 68%|██████▊   | 197/290 [10:15<04:30,  2.91s/it]
 68%|██████▊   | 198/290 [10:17<04:11,  2.73s/it]
 69%|██████▊   | 199/290 [10:20<04:09,  2.74s/it]
 69%|██████▉   | 200/290 [10:22<04:01,  2.69s/it]
                                                 

 69%|██████▉   | 200/290 [10:22<04:01,  2.69s/it][INFO|trainer.py:4623] 2026-08-03 05:04:00,155 >> 
***** Running Evaluation *****
[INFO|trainer.py:4625] 2026-08-03 05:04:00,155 >>   Num examples = 62
[INFO|trainer.py:4628] 2026-08-03 05:04:00,155 >>   Batch size = 1
{'eval_loss': 0.5449615716934204, 'eval_runtime': 10.3449, 'eval_samples_per_second': 5.993, 'eval_steps_per_second': 5.993, 'eval_rewards/chosen': 0.1972769945859909, 'eval_rewards/rejected': -0.19791001081466675, 'eval_rewards/accuracies': 0.7903225421905518, 'eval_rewards/margins': 0.39518699049949646, 'eval_logps/chosen': -312.41046142578125, 'eval_logps/rejected': -228.6100616455078, 'eval_logits/chosen': -1.6451207399368286, 'eval_logits/rejected': -1.48760187625885, 'epoch': 1.03}
{'loss': 0.5654, 'grad_norm': 10.372050285339355, 'learning_rate': 2.6653844925435296e-06, 'rewards/chosen': 0.28034695982933044, 'rewards/rejected': -0.08055322617292404, 'rewards/accuracies': 0.7750000357627869, 'rewards/margins': 0.36090022325515747, 'logps/chosen': -390.0052185058594, 'logps/rejected': -266.25653076171875, 'logits/chosen': -1.4898544549942017, 'logits/rejected': -1.2556113004684448, 'epoch': 1.07}
{'loss': 0.5472, 'grad_norm': 8.073654174804688, 'learning_rate': 2.515045850998214e-06, 'rewards/chosen': 0.2529439926147461, 'rewards/rejected': -0.16560514271259308, 'rewards/accuracies': 0.8500000238418579, 'rewards/margins': 0.41854915022850037, 'logps/chosen': -330.27838134765625, 'logps/rejected': -266.2159118652344, 'logits/chosen': -1.3895829916000366, 'logits/rejected': -1.226192831993103, 'epoch': 1.1}
{'loss': 0.5072, 'grad_norm': 6.583603858947754, 'learning_rate': 2.3646527285364565e-06, 'rewards/chosen': 0.30155110359191895, 'rewards/rejected': -0.18822836875915527, 'rewards/accuracies': 0.8500000238418579, 'rewards/margins': 0.4897794723510742, 'logps/chosen': -370.5803527832031, 'logps/rejected': -272.9335632324219, 'logits/chosen': -1.6460579633712769, 'logits/rejected': -1.462678074836731, 'epoch': 1.14}
{'loss': 0.5158, 'grad_norm': 6.4381537437438965, 'learning_rate': 2.2147496975549386e-06, 'rewards/chosen': 0.21360932290554047, 'rewards/rejected': -0.2533656358718872, 'rewards/accuracies': 0.8500000238418579, 'rewards/margins': 0.4669749438762665, 'logps/chosen': -323.718017578125, 'logps/rejected': -221.55223083496094, 'logits/chosen': -1.4953389167785645, 'logits/rejected': -1.4008007049560547, 'epoch': 1.17}
{'loss': 0.499, 'grad_norm': 8.85787582397461, 'learning_rate': 2.0658795558326745e-06, 'rewards/chosen': 0.23548725247383118, 'rewards/rejected': -0.2587994337081909, 'rewards/accuracies': 0.925000011920929, 'rewards/margins': 0.4942866265773773, 'logps/chosen': -329.1557312011719, 'logps/rejected': -266.4464416503906, 'logits/chosen': -1.6648439168930054, 'logits/rejected': -1.5132919549942017, 'epoch': 1.21}
{'loss': 0.545, 'grad_norm': 6.941444396972656, 'learning_rate': 1.9185813610642248e-06, 'rewards/chosen': 0.16563045978546143, 'rewards/rejected': -0.23094382882118225, 'rewards/accuracies': 0.8500000238418579, 'rewards/margins': 0.39657431840896606, 'logps/chosen': -201.9282684326172, 'logps/rejected': -140.68467712402344, 'logits/chosen': -1.5388132333755493, 'logits/rejected': -1.500803828239441, 'epoch': 1.24}
{'loss': 0.5239, 'grad_norm': 7.277902603149414, 'learning_rate': 1.7733884789357228e-06, 'rewards/chosen': 0.18549798429012299, 'rewards/rejected': -0.28490814566612244, 'rewards/accuracies': 0.824999988079071, 'rewards/margins': 0.4704061448574066, 'logps/chosen': -283.6183776855469, 'logps/rejected': -212.9259796142578, 'logits/chosen': -1.5575422048568726, 'logits/rejected': -1.3908329010009766, 'epoch': 1.28}
{'loss': 0.5033, 'grad_norm': 7.348430633544922, 'learning_rate': 1.6308266518116318e-06, 'rewards/chosen': 0.26206839084625244, 'rewards/rejected': -0.2576254904270172, 'rewards/accuracies': 0.925000011920929, 'rewards/margins': 0.5196938514709473, 'logps/chosen': -297.4996032714844, 'logps/rejected': -242.3016357421875, 'logits/chosen': -1.3896405696868896, 'logits/rejected': -1.272017002105713, 'epoch': 1.31}
{'loss': 0.5374, 'grad_norm': 8.364214897155762, 'learning_rate': 1.491412095025479e-06, 'rewards/chosen': 0.23772649466991425, 'rewards/rejected': -0.19673775136470795, 'rewards/accuracies': 0.8500000238418579, 'rewards/margins': 0.4344642758369446, 'logps/chosen': -330.80126953125, 'logps/rejected': -239.741943359375, 'logits/chosen': -1.4808330535888672, 'logits/rejected': -1.3371320962905884, 'epoch': 1.35}
{'loss': 0.4828, 'grad_norm': 6.610610008239746, 'learning_rate': 1.3556496276679165e-06, 'rewards/chosen': 0.26813235878944397, 'rewards/rejected': -0.3005490303039551, 'rewards/accuracies': 0.8500000238418579, 'rewards/margins': 0.5686814188957214, 'logps/chosen': -332.72174072265625, 'logps/rejected': -267.6498107910156, 'logits/chosen': -1.6011208295822144, 'logits/rejected': -1.319360613822937, 'epoch': 1.38}


  0%|          | 0/62 [00:00<?, ?it/s][A

  3%|▎         | 2/62 [00:00<00:03, 19.62it/s][A

  6%|▋         | 4/62 [00:00<00:06,  9.16it/s][A

 10%|▉         | 6/62 [00:00<00:05,  9.63it/s][A

 13%|█▎        | 8/62 [00:00<00:05,  9.60it/s][A

 16%|█▌        | 10/62 [00:01<00:05,  9.13it/s][A

 18%|█▊        | 11/62 [00:01<00:06,  7.82it/s][A

 21%|██        | 13/62 [00:01<00:05,  8.76it/s][A

 24%|██▍       | 15/62 [00:01<00:05,  9.34it/s][A

 26%|██▌       | 16/62 [00:01<00:05,  8.24it/s][A

 27%|██▋       | 17/62 [00:01<00:05,  8.33it/s][A

 31%|███       | 19/62 [00:02<00:04,  8.91it/s][A

 32%|███▏      | 20/62 [00:02<00:05,  8.15it/s][A

 35%|███▌      | 22/62 [00:02<00:05,  7.95it/s][A

 37%|███▋      | 23/62 [00:02<00:05,  7.53it/s][A

 39%|███▊      | 24/62 [00:02<00:05,  7.51it/s][A

 40%|████      | 25/62 [00:02<00:04,  8.00it/s][A

 42%|████▏     | 26/62 [00:03<00:05,  6.83it/s][A

 44%|████▎     | 27/62 [00:03<00:04,  7.01it/s][A

 47%|████▋     | 29/62 [00:03<00:04,  7.57it/s][A

 48%|████▊     | 30/62 [00:03<00:04,  6.93it/s][A

 50%|█████     | 31/62 [00:03<00:04,  7.40it/s][A

 52%|█████▏    | 32/62 [00:03<00:04,  7.04it/s][A

 53%|█████▎    | 33/62 [00:04<00:03,  7.45it/s][A

 55%|█████▍    | 34/62 [00:04<00:03,  7.08it/s][A

 58%|█████▊    | 36/62 [00:04<00:03,  8.12it/s][A

 60%|█████▉    | 37/62 [00:04<00:03,  8.16it/s][A

 61%|██████▏   | 38/62 [00:04<00:02,  8.23it/s][A

 63%|██████▎   | 39/62 [00:04<00:03,  7.22it/s][A

 65%|██████▍   | 40/62 [00:04<00:02,  7.51it/s][A

 66%|██████▌   | 41/62 [00:05<00:02,  7.38it/s][A

 68%|██████▊   | 42/62 [00:05<00:02,  7.74it/s][A

 69%|██████▉   | 43/62 [00:05<00:02,  6.49it/s][A

 71%|███████   | 44/62 [00:05<00:03,  5.98it/s][A

 73%|███████▎  | 45/62 [00:05<00:02,  6.15it/s][A

 74%|███████▍  | 46/62 [00:05<00:02,  5.77it/s][A

 76%|███████▌  | 47/62 [00:06<00:02,  6.12it/s][A

 77%|███████▋  | 48/62 [00:06<00:02,  6.23it/s][A

 79%|███████▉  | 49/62 [00:06<00:01,  6.95it/s][A

 81%|████████  | 50/62 [00:06<00:01,  7.49it/s][A

 82%|████████▏ | 51/62 [00:06<00:01,  6.69it/s][A

 84%|████████▍ | 52/62 [00:06<00:01,  7.20it/s][A

 85%|████████▌ | 53/62 [00:07<00:01,  6.26it/s][A

 87%|████████▋ | 54/62 [00:07<00:01,  6.98it/s][A

 89%|████████▊ | 55/62 [00:07<00:01,  6.38it/s][A

 90%|█████████ | 56/62 [00:07<00:00,  6.43it/s][A

 92%|█████████▏| 57/62 [00:07<00:00,  6.21it/s][A

 94%|█████████▎| 58/62 [00:07<00:00,  5.78it/s][A

 95%|█████████▌| 59/62 [00:07<00:00,  6.26it/s][A

 97%|█████████▋| 60/62 [00:08<00:00,  6.75it/s][A

 98%|█████████▊| 61/62 [00:08<00:00,  6.14it/s][A

100%|██████████| 62/62 [00:08<00:00,  6.67it/s][A
                                                 


                                               
[A
 69%|██████▉   | 200/290 [10:31<04:01,  2.69s/it]

100%|██████████| 62/62 [00:08<00:00,  6.67it/s][A

                                               [A
 69%|██████▉   | 201/290 [10:33<07:43,  5.21s/it]
 70%|██████▉   | 202/290 [10:36<06:30,  4.44s/it]
 70%|███████   | 203/290 [10:39<05:51,  4.04s/it]
 70%|███████   | 204/290 [10:42<05:15,  3.67s/it]
 71%|███████   | 205/290 [10:45<04:43,  3.34s/it]
                                                 

 71%|███████   | 205/290 [10:45<04:43,  3.34s/it]
 71%|███████   | 206/290 [10:47<04:16,  3.06s/it]
 71%|███████▏  | 207/290 [10:50<04:06,  2.98s/it]
 72%|███████▏  | 208/290 [10:52<03:53,  2.85s/it]
 72%|███████▏  | 209/290 [10:55<03:43,  2.76s/it]
 72%|███████▏  | 210/290 [10:58<03:39,  2.75s/it]
                                                 

 72%|███████▏  | 210/290 [10:58<03:39,  2.75s/it]
 73%|███████▎  | 211/290 [11:00<03:32,  2.69s/it]
 73%|███████▎  | 212/290 [11:03<03:32,  2.72s/it]
 73%|███████▎  | 213/290 [11:06<03:32,  2.76s/it]
 74%|███████▍  | 214/290 [11:09<03:29,  2.76s/it]
 74%|███████▍  | 215/290 [11:11<03:24,  2.72s/it]
                                                 

 74%|███████▍  | 215/290 [11:11<03:24,  2.72s/it]
 74%|███████▍  | 216/290 [11:14<03:31,  2.86s/it]
 75%|███████▍  | 217/290 [11:17<03:29,  2.87s/it]
 75%|███████▌  | 218/290 [11:20<03:31,  2.94s/it]
 76%|███████▌  | 219/290 [11:23<03:26,  2.91s/it]
 76%|███████▌  | 220/290 [11:26<03:12,  2.75s/it]
                                                 

 76%|███████▌  | 220/290 [11:26<03:12,  2.75s/it]
 76%|███████▌  | 221/290 [11:28<03:08,  2.74s/it]
 77%|███████▋  | 222/290 [11:31<03:11,  2.82s/it]
 77%|███████▋  | 223/290 [11:34<03:05,  2.76s/it]
 77%|███████▋  | 224/290 [11:37<03:05,  2.81s/it]
 78%|███████▊  | 225/290 [11:39<02:56,  2.71s/it]
                                                 

 78%|███████▊  | 225/290 [11:39<02:56,  2.71s/it]
 78%|███████▊  | 226/290 [11:42<02:56,  2.75s/it]
 78%|███████▊  | 227/290 [11:45<02:54,  2.77s/it]
 79%|███████▊  | 228/290 [11:48<02:53,  2.80s/it]
 79%|███████▉  | 229/290 [11:50<02:47,  2.75s/it]
 79%|███████▉  | 230/290 [11:53<02:44,  2.75s/it]
                                                 

 79%|███████▉  | 230/290 [11:53<02:44,  2.75s/it]
 80%|███████▉  | 231/290 [11:56<02:36,  2.65s/it]
 80%|████████  | 232/290 [11:58<02:31,  2.61s/it]
 80%|████████  | 233/290 [12:01<02:27,  2.58s/it]
 81%|████████  | 234/290 [12:03<02:27,  2.63s/it]
 81%|████████  | 235/290 [12:06<02:22,  2.60s/it]
                                                 

 81%|████████  | 235/290 [12:06<02:22,  2.60s/it]
 81%|████████▏ | 236/290 [12:08<02:19,  2.57s/it]
 82%|████████▏ | 237/290 [12:11<02:18,  2.61s/it]
 82%|████████▏ | 238/290 [12:14<02:17,  2.65s/it]
 82%|████████▏ | 239/290 [12:17<02:22,  2.79s/it]
 83%|████████▎ | 240/290 [12:20<02:17,  2.75s/it]
                                                 

 83%|████████▎ | 240/290 [12:20<02:17,  2.75s/it]
 83%|████████▎ | 241/290 [12:22<02:14,  2.74s/it]
 83%|████████▎ | 242/290 [12:25<02:06,  2.64s/it]
 84%|████████▍ | 243/290 [12:28<02:11,  2.79s/it]
 84%|████████▍ | 244/290 [12:31<02:06,  2.74s/it]
 84%|████████▍ | 245/290 [12:33<02:05,  2.79s/it]
                                                 

 84%|████████▍ | 245/290 [12:33<02:05,  2.79s/it]
 85%|████████▍ | 246/290 [12:36<02:06,  2.87s/it]
 85%|████████▌ | 247/290 [12:40<02:06,  2.95s/it]
 86%|████████▌ | 248/290 [12:42<01:59,  2.84s/it]
 86%|████████▌ | 249/290 [12:45<01:58,  2.88s/it]
 86%|████████▌ | 250/290 [12:48<01:51,  2.78s/it]
                                                 

 86%|████████▌ | 250/290 [12:48<01:51,  2.78s/it][INFO|trainer.py:4623] 2026-08-03 05:06:25,525 >> 
***** Running Evaluation *****
[INFO|trainer.py:4625] 2026-08-03 05:06:25,525 >>   Num examples = 62
[INFO|trainer.py:4628] 2026-08-03 05:06:25,525 >>   Batch size = 1
{'eval_loss': 0.5206828117370605, 'eval_runtime': 8.5856, 'eval_samples_per_second': 7.221, 'eval_steps_per_second': 7.221, 'eval_rewards/chosen': 0.19587454199790955, 'eval_rewards/rejected': -0.2793741822242737, 'eval_rewards/accuracies': 0.8064515590667725, 'eval_rewards/margins': 0.47524869441986084, 'eval_logps/chosen': -312.4244689941406, 'eval_logps/rejected': -229.42469787597656, 'eval_logits/chosen': -1.64584219455719, 'eval_logits/rejected': -1.4739463329315186, 'epoch': 1.38}
{'loss': 0.5092, 'grad_norm': 6.642411231994629, 'learning_rate': 1.2240308446404796e-06, 'rewards/chosen': 0.34554538130760193, 'rewards/rejected': -0.17464569211006165, 'rewards/accuracies': 0.824999988079071, 'rewards/margins': 0.5201910734176636, 'logps/chosen': -376.3081970214844, 'logps/rejected': -264.08697509765625, 'logits/chosen': -1.5831915140151978, 'logits/rejected': -1.38312828540802, 'epoch': 1.41}
{'loss': 0.5043, 'grad_norm': 7.851817607879639, 'learning_rate': 1.0970323365940443e-06, 'rewards/chosen': 0.25393936038017273, 'rewards/rejected': -0.25276970863342285, 'rewards/accuracies': 0.925000011920929, 'rewards/margins': 0.506709098815918, 'logps/chosen': -310.01556396484375, 'logps/rejected': -251.0705108642578, 'logits/chosen': -1.557244896888733, 'logits/rejected': -1.4846159219741821, 'epoch': 1.45}
{'loss': 0.5463, 'grad_norm': 7.298853874206543, 'learning_rate': 9.751139641975681e-07, 'rewards/chosen': 0.18345563113689423, 'rewards/rejected': -0.24962656199932098, 'rewards/accuracies': 0.8500000238418579, 'rewards/margins': 0.4330821931362152, 'logps/chosen': -285.6310729980469, 'logps/rejected': -244.18846130371094, 'logits/chosen': -1.604712724685669, 'logits/rejected': -1.4194670915603638, 'epoch': 1.48}
{'loss': 0.5137, 'grad_norm': 7.015391826629639, 'learning_rate': 8.587171929859667e-07, 'rewards/chosen': 0.29571565985679626, 'rewards/rejected': -0.1901421993970871, 'rewards/accuracies': 0.8500000238418579, 'rewards/margins': 0.4858578145503998, 'logps/chosen': -314.74859619140625, 'logps/rejected': -291.9727478027344, 'logits/chosen': -1.5210293531417847, 'logits/rejected': -1.436881422996521, 'epoch': 1.52}
{'loss': 0.4856, 'grad_norm': 7.044574737548828, 'learning_rate': 7.482634948166445e-07, 'rewards/chosen': 0.2594911754131317, 'rewards/rejected': -0.35357964038848877, 'rewards/accuracies': 0.875, 'rewards/margins': 0.6130707859992981, 'logps/chosen': -383.0776062011719, 'logps/rejected': -254.7821502685547, 'logits/chosen': -1.5606956481933594, 'logits/rejected': -1.3405555486679077, 'epoch': 1.55}
{'loss': 0.5049, 'grad_norm': 7.310227394104004, 'learning_rate': 6.441528217229753e-07, 'rewards/chosen': 0.24072663486003876, 'rewards/rejected': -0.2632610499858856, 'rewards/accuracies': 0.9000000357627869, 'rewards/margins': 0.503987729549408, 'logps/chosen': -348.3606872558594, 'logps/rejected': -247.7391357421875, 'logits/chosen': -1.529714822769165, 'logits/rejected': -1.4235724210739136, 'epoch': 1.59}
{'loss': 0.4827, 'grad_norm': 6.375712871551514, 'learning_rate': 5.467621576909219e-07, 'rewards/chosen': 0.19958992302417755, 'rewards/rejected': -0.43588516116142273, 'rewards/accuracies': 0.7750000357627869, 'rewards/margins': 0.6354750990867615, 'logps/chosen': -249.11241149902344, 'logps/rejected': -219.96958923339844, 'logits/chosen': -1.6211661100387573, 'logits/rejected': -1.4267034530639648, 'epoch': 1.62}
{'loss': 0.4744, 'grad_norm': 6.8533406257629395, 'learning_rate': 4.5644415360277057e-07, 'rewards/chosen': 0.37681058049201965, 'rewards/rejected': -0.314375102519989, 'rewards/accuracies': 0.7750000357627869, 'rewards/margins': 0.6911856532096863, 'logps/chosen': -385.52008056640625, 'logps/rejected': -268.99908447265625, 'logits/chosen': -1.6160944700241089, 'logits/rejected': -1.505281686782837, 'epoch': 1.66}
{'loss': 0.4535, 'grad_norm': 6.189276218414307, 'learning_rate': 3.7352585029087394e-07, 'rewards/chosen': 0.28216931223869324, 'rewards/rejected': -0.3967440724372864, 'rewards/accuracies': 0.9000000357627869, 'rewards/margins': 0.6789134740829468, 'logps/chosen': -387.907470703125, 'logps/rejected': -306.7962341308594, 'logits/chosen': -1.5390115976333618, 'logits/rejected': -1.3273080587387085, 'epoch': 1.69}
{'loss': 0.4528, 'grad_norm': 6.768649101257324, 'learning_rate': 2.9830749432518044e-07, 'rewards/chosen': 0.3726184070110321, 'rewards/rejected': -0.3315654695034027, 'rewards/accuracies': 0.925000011920929, 'rewards/margins': 0.7041838765144348, 'logps/chosen': -373.7611999511719, 'logps/rejected': -359.4543151855469, 'logits/chosen': -1.4573665857315063, 'logits/rejected': -1.3234971761703491, 'epoch': 1.72}


  0%|          | 0/62 [00:00<?, ?it/s][A

  3%|▎         | 2/62 [00:00<00:03, 15.82it/s][A

  6%|▋         | 4/62 [00:00<00:06,  9.16it/s][A

 10%|▉         | 6/62 [00:00<00:05,  9.70it/s][A

 13%|█▎        | 8/62 [00:00<00:05,  9.09it/s][A

 16%|█▌        | 10/62 [00:01<00:05,  8.81it/s][A

 18%|█▊        | 11/62 [00:01<00:06,  7.62it/s][A

 19%|█▉        | 12/62 [00:01<00:06,  7.66it/s][A

 21%|██        | 13/62 [00:01<00:06,  7.86it/s][A

 23%|██▎       | 14/62 [00:01<00:06,  7.90it/s][A

 26%|██▌       | 16/62 [00:01<00:05,  7.93it/s][A

 27%|██▋       | 17/62 [00:02<00:05,  7.63it/s][A

 29%|██▉       | 18/62 [00:02<00:05,  8.10it/s][A

 31%|███       | 19/62 [00:02<00:05,  7.98it/s][A

 32%|███▏      | 20/62 [00:02<00:05,  7.34it/s][A

 35%|███▌      | 22/62 [00:02<00:05,  7.32it/s][A

 37%|███▋      | 23/62 [00:02<00:05,  7.23it/s][A

 39%|███▊      | 24/62 [00:03<00:05,  7.17it/s][A

 40%|████      | 25/62 [00:03<00:04,  7.40it/s][A

 42%|████▏     | 26/62 [00:03<00:05,  6.59it/s][A

 44%|████▎     | 27/62 [00:03<00:05,  6.68it/s][A

 45%|████▌     | 28/62 [00:03<00:04,  7.21it/s][A

 47%|████▋     | 29/62 [00:03<00:04,  6.96it/s][A

 48%|████▊     | 30/62 [00:03<00:04,  6.74it/s][A

 50%|█████     | 31/62 [00:04<00:04,  7.16it/s][A

 52%|█████▏    | 32/62 [00:04<00:04,  6.78it/s][A

 53%|█████▎    | 33/62 [00:04<00:04,  7.18it/s][A

 55%|█████▍    | 34/62 [00:04<00:04,  6.99it/s][A

 56%|█████▋    | 35/62 [00:04<00:03,  7.29it/s][A

 58%|█████▊    | 36/62 [00:04<00:03,  7.72it/s][A

 60%|█████▉    | 37/62 [00:04<00:03,  7.91it/s][A

 61%|██████▏   | 38/62 [00:04<00:03,  7.88it/s][A

 63%|██████▎   | 39/62 [00:05<00:03,  7.09it/s][A

 65%|██████▍   | 40/62 [00:05<00:02,  7.55it/s][A

 66%|██████▌   | 41/62 [00:05<00:02,  8.07it/s][A

 68%|██████▊   | 42/62 [00:05<00:02,  7.91it/s][A

 69%|██████▉   | 43/62 [00:05<00:02,  6.58it/s][A

 71%|███████   | 44/62 [00:05<00:03,  5.93it/s][A

 73%|███████▎  | 45/62 [00:06<00:02,  6.31it/s][A

 74%|███████▍  | 46/62 [00:06<00:02,  5.83it/s][A

 76%|███████▌  | 47/62 [00:06<00:02,  6.18it/s][A

 77%|███████▋  | 48/62 [00:06<00:02,  6.26it/s][A

 79%|███████▉  | 49/62 [00:06<00:01,  6.98it/s][A

 81%|████████  | 50/62 [00:06<00:01,  7.64it/s][A

 82%|████████▏ | 51/62 [00:06<00:01,  6.95it/s][A

 84%|████████▍ | 52/62 [00:07<00:01,  7.40it/s][A

 85%|████████▌ | 53/62 [00:07<00:01,  6.40it/s][A

 89%|████████▊ | 55/62 [00:07<00:01,  6.77it/s][A

 90%|█████████ | 56/62 [00:07<00:00,  6.75it/s][A

 92%|█████████▏| 57/62 [00:07<00:00,  6.46it/s][A

 94%|█████████▎| 58/62 [00:08<00:00,  5.99it/s][A

 97%|█████████▋| 60/62 [00:08<00:00,  7.04it/s][A

 98%|█████████▊| 61/62 [00:08<00:00,  6.44it/s][A

100%|██████████| 62/62 [00:08<00:00,  7.03it/s][A
                                                 


                                               
[A
 86%|████████▌ | 250/290 [12:56<01:51,  2.78s/it]

100%|██████████| 62/62 [00:08<00:00,  7.03it/s][A

                                               [A
 87%|████████▋ | 251/290 [13:00<03:34,  5.51s/it]
 87%|████████▋ | 252/290 [13:02<02:59,  4.72s/it]
 87%|████████▋ | 253/290 [13:06<02:38,  4.28s/it]
 88%|████████▊ | 254/290 [13:08<02:15,  3.78s/it]
 88%|████████▊ | 255/290 [13:11<02:00,  3.44s/it]
                                                 

 88%|████████▊ | 255/290 [13:11<02:00,  3.44s/it]
 88%|████████▊ | 256/290 [13:14<01:55,  3.40s/it]
 89%|████████▊ | 257/290 [13:17<01:49,  3.33s/it]
 89%|████████▉ | 258/290 [13:21<01:44,  3.26s/it]
 89%|████████▉ | 259/290 [13:23<01:33,  3.03s/it]
 90%|████████▉ | 260/290 [13:26<01:26,  2.90s/it]
                                                 

 90%|████████▉ | 260/290 [13:26<01:26,  2.90s/it]
 90%|█████████ | 261/290 [13:29<01:24,  2.90s/it]
 90%|█████████ | 262/290 [13:31<01:20,  2.87s/it]
 91%|█████████ | 263/290 [13:34<01:16,  2.84s/it]
 91%|█████████ | 264/290 [13:37<01:12,  2.80s/it]
 91%|█████████▏| 265/290 [13:40<01:09,  2.80s/it]
                                                 

 91%|█████████▏| 265/290 [13:40<01:09,  2.80s/it]
 92%|█████████▏| 266/290 [13:42<01:05,  2.72s/it]
 92%|█████████▏| 267/290 [13:45<01:01,  2.67s/it]
 92%|█████████▏| 268/290 [13:48<01:01,  2.82s/it]
 93%|█████████▎| 269/290 [13:50<00:57,  2.74s/it]
 93%|█████████▎| 270/290 [13:53<00:53,  2.70s/it]
                                                 

 93%|█████████▎| 270/290 [13:53<00:53,  2.70s/it]
 93%|█████████▎| 271/290 [13:58<01:02,  3.31s/it]
 94%|█████████▍| 272/290 [14:03<01:11,  3.95s/it]
 94%|█████████▍| 273/290 [14:06<01:00,  3.59s/it]
 94%|█████████▍| 274/290 [14:09<00:52,  3.29s/it]
 95%|█████████▍| 275/290 [14:11<00:45,  3.03s/it]
                                                 

 95%|█████████▍| 275/290 [14:11<00:45,  3.03s/it]
 95%|█████████▌| 276/290 [14:14<00:43,  3.13s/it]
 96%|█████████▌| 277/290 [14:17<00:40,  3.14s/it]
 96%|█████████▌| 278/290 [14:20<00:35,  2.96s/it]
 96%|█████████▌| 279/290 [14:23<00:31,  2.85s/it]
 97%|█████████▋| 280/290 [14:25<00:27,  2.73s/it]
                                                 

 97%|█████████▋| 280/290 [14:25<00:27,  2.73s/it]
 97%|█████████▋| 281/290 [14:28<00:23,  2.65s/it]
 97%|█████████▋| 282/290 [14:30<00:20,  2.60s/it]
 98%|█████████▊| 283/290 [14:33<00:18,  2.67s/it]
 98%|█████████▊| 284/290 [14:35<00:15,  2.58s/it]
 98%|█████████▊| 285/290 [14:38<00:12,  2.53s/it]
                                                 

 98%|█████████▊| 285/290 [14:38<00:12,  2.53s/it]
 99%|█████████▊| 286/290 [14:40<00:10,  2.59s/it]
 99%|█████████▉| 287/290 [14:43<00:07,  2.58s/it]
 99%|█████████▉| 288/290 [14:46<00:05,  2.59s/it]
100%|█████████▉| 289/290 [14:48<00:02,  2.50s/it]
100%|██████████| 290/290 [14:51<00:00,  2.56s/it]
                                                 

100%|██████████| 290/290 [14:51<00:00,  2.56s/it][INFO|trainer.py:4289] 2026-08-03 05:08:28,358 >> Saving model checkpoint to saves/week4/qwen/qwen_dpo_beta0.1_lr5e-6\checkpoint-290
[INFO|configuration_utils.py:763] 2026-08-03 05:08:28,371 >> loading configuration file models/Qwen2.5-3B-week3-best-merged\config.json
[INFO|configuration_utils.py:839] 2026-08-03 05:08:28,371 >> Model config Qwen2Config {
  "architectures": [
    "Qwen2ForCausalLM"
  ],
  "attention_dropout": 0.0,
  "bos_token_id": 151643,
  "dtype": "bfloat16",
  "eos_token_id": 151645,
  "hidden_act": "silu",
  "hidden_size": 2048,
  "initializer_range": 0.02,
  "intermediate_size": 11008,
  "layer_types": [
    "full_attention",
    "full_attention",
    "full_attention",
    "full_attention",
    "full_attention",
    "full_attention",
    "full_attention",
    "full_attention",
    "full_attention",
    "full_attention",
    "full_attention",
    "full_attention",
    "full_attention",
    "full_attention",
    "full_attention",
    "full_attention",
    "full_attention",
    "full_attention",
    "full_attention",
    "full_attention",
    "full_attention",
    "full_attention",
    "full_attention",
    "full_attention",
    "full_attention",
    "full_attention",
    "full_attention",
    "full_attention",
    "full_attention",
    "full_attention",
    "full_attention",
    "full_attention",
    "full_attention",
    "full_attention",
    "full_attention",
    "full_attention"
  ],
  "max_position_embeddings": 32768,
  "max_window_layers": 70,
  "model_type": "qwen2",
  "num_attention_heads": 16,
  "num_hidden_layers": 36,
  "num_key_value_heads": 2,
  "rms_norm_eps": 1e-06,
  "rope_scaling": null,
  "rope_theta": 1000000.0,
  "sliding_window": null,
  "tie_word_embeddings": true,
  "transformers_version": "4.56.2",
  "use_cache": true,
  "use_sliding_window": false,
  "vocab_size": 151936
}

[INFO|tokenization_utils_base.py:2394] 2026-08-03 05:08:28,489 >> chat template saved in saves/week4/qwen/qwen_dpo_beta0.1_lr5e-6\checkpoint-290\chat_template.jinja
[INFO|tokenization_utils_base.py:2563] 2026-08-03 05:08:28,490 >> tokenizer config file saved in saves/week4/qwen/qwen_dpo_beta0.1_lr5e-6\checkpoint-290\tokenizer_config.json
[INFO|tokenization_utils_base.py:2572] 2026-08-03 05:08:28,490 >> Special tokens file saved in saves/week4/qwen/qwen_dpo_beta0.1_lr5e-6\checkpoint-290\special_tokens_map.json
[INFO|trainer.py:2808] 2026-08-03 05:08:28,901 >> 

Training completed. Do not forget to share your model on huggingface.co/models =)



                                                 

100%|██████████| 290/290 [14:51<00:00,  2.56s/it]
100%|██████████| 290/290 [14:51<00:00,  3.07s/it]
[INFO|trainer.py:4289] 2026-08-03 05:08:28,901 >> Saving model checkpoint to saves/week4/qwen/qwen_dpo_beta0.1_lr5e-6
[INFO|configuration_utils.py:763] 2026-08-03 05:08:28,917 >> loading configuration file models/Qwen2.5-3B-week3-best-merged\config.json
[INFO|configuration_utils.py:839] 2026-08-03 05:08:28,917 >> Model config Qwen2Config {
  "architectures": [
    "Qwen2ForCausalLM"
  ],
  "attention_dropout": 0.0,
  "bos_token_id": 151643,
  "dtype": "bfloat16",
  "eos_token_id": 151645,
  "hidden_act": "silu",
  "hidden_size": 2048,
  "initializer_range": 0.02,
  "intermediate_size": 11008,
  "layer_types": [
    "full_attention",
    "full_attention",
    "full_attention",
    "full_attention",
    "full_attention",
    "full_attention",
    "full_attention",
    "full_attention",
    "full_attention",
    "full_attention",
    "full_attention",
    "full_attention",
    "full_attention",
    "full_attention",
    "full_attention",
    "full_attention",
    "full_attention",
    "full_attention",
    "full_attention",
    "full_attention",
    "full_attention",
    "full_attention",
    "full_attention",
    "full_attention",
    "full_attention",
    "full_attention",
    "full_attention",
    "full_attention",
    "full_attention",
    "full_attention",
    "full_attention",
    "full_attention",
    "full_attention",
    "full_attention",
    "full_attention",
    "full_attention"
  ],
  "max_position_embeddings": 32768,
  "max_window_layers": 70,
  "model_type": "qwen2",
  "num_attention_heads": 16,
  "num_hidden_layers": 36,
  "num_key_value_heads": 2,
  "rms_norm_eps": 1e-06,
  "rope_scaling": null,
  "rope_theta": 1000000.0,
  "sliding_window": null,
  "tie_word_embeddings": true,
  "transformers_version": "4.56.2",
  "use_cache": true,
  "use_sliding_window": false,
  "vocab_size": 151936
}

[INFO|tokenization_utils_base.py:2394] 2026-08-03 05:08:29,019 >> chat template saved in saves/week4/qwen/qwen_dpo_beta0.1_lr5e-6\chat_template.jinja
[INFO|tokenization_utils_base.py:2563] 2026-08-03 05:08:29,020 >> tokenizer config file saved in saves/week4/qwen/qwen_dpo_beta0.1_lr5e-6\tokenizer_config.json
[INFO|tokenization_utils_base.py:2572] 2026-08-03 05:08:29,020 >> Special tokens file saved in saves/week4/qwen/qwen_dpo_beta0.1_lr5e-6\special_tokens_map.json
[INFO|trainer.py:4623] 2026-08-03 05:08:29,280 >> 
***** Running Evaluation *****
[INFO|trainer.py:4625] 2026-08-03 05:08:29,280 >>   Num examples = 62
[INFO|trainer.py:4628] 2026-08-03 05:08:29,280 >>   Batch size = 1
{'eval_loss': 0.5140131115913391, 'eval_runtime': 8.7269, 'eval_samples_per_second': 7.104, 'eval_steps_per_second': 7.104, 'eval_rewards/chosen': 0.20920664072036743, 'eval_rewards/rejected': -0.3039725422859192, 'eval_rewards/accuracies': 0.774193525314331, 'eval_rewards/margins': 0.5131791830062866, 'eval_logps/chosen': -312.2911682128906, 'eval_logps/rejected': -229.67068481445312, 'eval_logits/chosen': -1.6476407051086426, 'eval_logits/rejected': -1.474936604499817, 'epoch': 1.72}
{'loss': 0.49, 'grad_norm': 4.823400020599365, 'learning_rate': 2.3106145082260777e-07, 'rewards/chosen': 0.3614339530467987, 'rewards/rejected': -0.2006974220275879, 'rewards/accuracies': 0.800000011920929, 'rewards/margins': 0.562131404876709, 'logps/chosen': -341.10321044921875, 'logps/rejected': -299.2279052734375, 'logits/chosen': -1.492544174194336, 'logits/rejected': -1.2367666959762573, 'epoch': 1.76}
{'loss': 0.5193, 'grad_norm': 6.743823528289795, 'learning_rate': 1.7203121721493883e-07, 'rewards/chosen': 0.3113648593425751, 'rewards/rejected': -0.14368216693401337, 'rewards/accuracies': 0.875, 'rewards/margins': 0.45504704117774963, 'logps/chosen': -363.6854553222656, 'logps/rejected': -329.6646423339844, 'logits/chosen': -1.521464467048645, 'logits/rejected': -1.2703380584716797, 'epoch': 1.79}
{'loss': 0.5288, 'grad_norm': 8.058104515075684, 'learning_rate': 1.214305415464076e-07, 'rewards/chosen': 0.2999020218849182, 'rewards/rejected': -0.16671490669250488, 'rewards/accuracies': 0.875, 'rewards/margins': 0.4666169285774231, 'logps/chosen': -400.8511657714844, 'logps/rejected': -341.07989501953125, 'logits/chosen': -1.55828857421875, 'logits/rejected': -1.4307730197906494, 'epoch': 1.83}
{'loss': 0.4684, 'grad_norm': 5.555667877197266, 'learning_rate': 7.944264849359173e-08, 'rewards/chosen': 0.23478078842163086, 'rewards/rejected': -0.434182733297348, 'rewards/accuracies': 0.824999988079071, 'rewards/margins': 0.6689635515213013, 'logps/chosen': -362.98712158203125, 'logps/rejected': -236.53977966308594, 'logits/chosen': -1.7601600885391235, 'logits/rejected': -1.5371264219284058, 'epoch': 1.86}
{'loss': 0.4935, 'grad_norm': 4.587619781494141, 'learning_rate': 4.6219575910197153e-08, 'rewards/chosen': 0.19721387326717377, 'rewards/rejected': -0.3616492450237274, 'rewards/accuracies': 0.925000011920929, 'rewards/margins': 0.55886310338974, 'logps/chosen': -250.99546813964844, 'logps/rejected': -171.19993591308594, 'logits/chosen': -1.4874006509780884, 'logits/rejected': -1.338100790977478, 'epoch': 1.9}
{'loss': 0.5218, 'grad_norm': 6.204622745513916, 'learning_rate': 2.188162429910462e-08, 'rewards/chosen': 0.21854031085968018, 'rewards/rejected': -0.2366105318069458, 'rewards/accuracies': 0.824999988079071, 'rewards/margins': 0.455150842666626, 'logps/chosen': -247.2945556640625, 'logps/rejected': -213.8951873779297, 'logits/chosen': -1.465516209602356, 'logits/rejected': -1.4655030965805054, 'epoch': 1.93}
{'loss': 0.5493, 'grad_norm': 7.893153667449951, 'learning_rate': 6.516921205125537e-09, 'rewards/chosen': 0.13741154968738556, 'rewards/rejected': -0.23673629760742188, 'rewards/accuracies': 0.800000011920929, 'rewards/margins': 0.37414786219596863, 'logps/chosen': -296.8964538574219, 'logps/rejected': -220.73033142089844, 'logits/chosen': -1.544445276260376, 'logits/rejected': -1.358524203300476, 'epoch': 1.97}
{'loss': 0.4233, 'grad_norm': 7.839879512786865, 'learning_rate': 1.8110210580846166e-10, 'rewards/chosen': 0.33160823583602905, 'rewards/rejected': -0.40602394938468933, 'rewards/accuracies': 0.9487179517745972, 'rewards/margins': 0.737632155418396, 'logps/chosen': -286.3656311035156, 'logps/rejected': -246.1484832763672, 'logits/chosen': -1.4406758546829224, 'logits/rejected': -1.3108898401260376, 'epoch': 2.0}
{'train_runtime': 891.5873, 'train_samples_per_second': 2.6, 'train_steps_per_second': 0.325, 'train_loss': 0.5790094679799573, 'epoch': 2.0}
***** train metrics *****
  epoch                    =        2.0
  total_flos               = 29215669GF
  train_loss               =      0.579
  train_runtime            = 0:14:51.58
  train_samples_per_second =        2.6
  train_steps_per_second   =      0.325
Figure saved at: saves/week4/qwen/qwen_dpo_beta0.1_lr5e-6\training_loss.png
Figure saved at: saves/week4/qwen/qwen_dpo_beta0.1_lr5e-6\training_rewards_accuracies.png
Figure saved at: saves/week4/qwen/qwen_dpo_beta0.1_lr5e-6\training_eval_loss.png

  0%|          | 0/62 [00:00<?, ?it/s]
  3%|▎         | 2/62 [00:00<00:03, 19.78it/s]
  6%|▋         | 4/62 [00:00<00:05,  9.73it/s]
 10%|▉         | 6/62 [00:00<00:05,  9.81it/s]
 13%|█▎        | 8/62 [00:00<00:05,  9.94it/s]
 16%|█▌        | 10/62 [00:01<00:05,  9.13it/s]
 18%|█▊        | 11/62 [00:01<00:06,  7.98it/s]
 19%|█▉        | 12/62 [00:01<00:06,  8.24it/s]
 23%|██▎       | 14/62 [00:01<00:05,  8.86it/s]
 26%|██▌       | 16/62 [00:01<00:05,  8.10it/s]
 27%|██▋       | 17/62 [00:01<00:05,  8.14it/s]
 31%|███       | 19/62 [00:02<00:04,  8.72it/s]
 32%|███▏      | 20/62 [00:02<00:05,  7.74it/s]
 34%|███▍      | 21/62 [00:02<00:05,  8.04it/s]
 35%|███▌      | 22/62 [00:02<00:05,  7.40it/s]
 37%|███▋      | 23/62 [00:02<00:05,  7.12it/s]
 39%|███▊      | 24/62 [00:02<00:05,  7.21it/s]
 40%|████      | 25/62 [00:03<00:04,  7.48it/s]
 42%|████▏     | 26/62 [00:03<00:05,  6.41it/s]
 44%|████▎     | 27/62 [00:03<00:05,  6.49it/s]
 47%|████▋     | 29/62 [00:03<00:04,  7.00it/s]
 48%|████▊     | 30/62 [00:03<00:04,  6.49it/s]
 50%|█████     | 31/62 [00:03<00:04,  6.78it/s]
 52%|█████▏    | 32/62 [00:04<00:04,  6.74it/s]
 53%|█████▎    | 33/62 [00:04<00:04,  7.09it/s]
 55%|█████▍    | 34/62 [00:04<00:04,  6.86it/s]
 56%|█████▋    | 35/62 [00:04<00:03,  7.45it/s]
 60%|█████▉    | 37/62 [00:04<00:03,  8.20it/s]
 61%|██████▏   | 38/62 [00:04<00:02,  8.24it/s]
 63%|██████▎   | 39/62 [00:04<00:03,  7.47it/s]
 65%|██████▍   | 40/62 [00:05<00:02,  7.95it/s]
 66%|██████▌   | 41/62 [00:05<00:02,  7.86it/s]
 68%|██████▊   | 42/62 [00:05<00:02,  7.90it/s]
 69%|██████▉   | 43/62 [00:05<00:02,  6.69it/s]
 71%|███████   | 44/62 [00:05<00:02,  6.00it/s]
 73%|███████▎  | 45/62 [00:05<00:02,  6.43it/s]
 74%|███████▍  | 46/62 [00:06<00:02,  5.78it/s]
 76%|███████▌  | 47/62 [00:06<00:02,  6.12it/s]
 77%|███████▋  | 48/62 [00:06<00:02,  6.22it/s]
 81%|████████  | 50/62 [00:06<00:01,  7.55it/s]
 82%|████████▏ | 51/62 [00:06<00:01,  6.69it/s]
 84%|████████▍ | 52/62 [00:06<00:01,  7.14it/s]
 85%|████████▌ | 53/62 [00:07<00:01,  6.11it/s]
 87%|████████▋ | 54/62 [00:07<00:01,  6.80it/s]
 89%|████████▊ | 55/62 [00:07<00:01,  6.23it/s]
 90%|█████████ | 56/62 [00:07<00:00,  6.40it/s]
 92%|█████████▏| 57/62 [00:07<00:00,  6.16it/s]
 94%|█████████▎| 58/62 [00:07<00:00,  5.73it/s]
 97%|█████████▋| 60/62 [00:08<00:00,  6.93it/s]
 98%|█████████▊| 61/62 [00:08<00:00,  6.32it/s]
100%|██████████| 62/62 [00:08<00:00,  6.76it/s]
100%|██████████| 62/62 [00:08<00:00,  7.28it/s]
[INFO|modelcard.py:456] 2026-08-03 05:08:38,011 >> Dropping the following result as it does not have all the necessary fields:
{'task': {'name': 'Causal Language Modeling', 'type': 'text-generation'}}
***** eval metrics *****
  epoch                   =        2.0
  eval_logits/chosen      =    -1.6489
  eval_logits/rejected    =    -1.4741
  eval_logps/chosen       =   -312.444
  eval_logps/rejected     =  -229.7873
  eval_loss               =     0.5136
  eval_rewards/accuracies =     0.7742
  eval_rewards/chosen     =     0.1939
  eval_rewards/margins    =     0.5096
  eval_rewards/rejected   =    -0.3156
  eval_runtime            = 0:00:08.69
  eval_samples_per_second =      7.134
  eval_steps_per_second   =      7.134
