[INFO|2026-07-17 15:41:16] llamafactory.hparams.parser:523 >> Process rank: 0, world size: 1, device: cuda:0, distributed training: False, compute dtype: torch.bfloat16
[INFO|tokenization_utils_base.py:2066] 2026-07-17 15:41:16,560 >> loading file vocab.json
[INFO|tokenization_utils_base.py:2066] 2026-07-17 15:41:16,560 >> loading file merges.txt
[INFO|tokenization_utils_base.py:2066] 2026-07-17 15:41:16,560 >> loading file tokenizer.json
[INFO|tokenization_utils_base.py:2066] 2026-07-17 15:41:16,560 >> loading file added_tokens.json
[INFO|tokenization_utils_base.py:2066] 2026-07-17 15:41:16,560 >> loading file special_tokens_map.json
[INFO|tokenization_utils_base.py:2066] 2026-07-17 15:41:16,560 >> loading file tokenizer_config.json
[INFO|tokenization_utils_base.py:2066] 2026-07-17 15:41:16,560 >> loading file chat_template.jinja
[INFO|tokenization_utils_base.py:2337] 2026-07-17 15:41:16,701 >> Special tokens have been added in the vocabulary, make sure the associated word embeddings are fine-tuned or trained.
[INFO|configuration_utils.py:763] 2026-07-17 15:41:16,702 >> loading configuration file models/Qwen2.5-3B-Instruct\config.json
[INFO|configuration_utils.py:839] 2026-07-17 15:41:16,704 >> Model config Qwen2Config {
  "architectures": [
    "Qwen2ForCausalLM"
  ],
  "attention_dropout": 0.0,
  "bos_token_id": 151643,
  "dtype": "bfloat16",
  "eos_token_id": 151645,
  "hidden_act": "silu",
  "hidden_size": 2048,
  "initializer_range": 0.02,
  "intermediate_size": 11008,
  "layer_types": [
    "full_attention",
    "full_attention",
    "full_attention",
    "full_attention",
    "full_attention",
    "full_attention",
    "full_attention",
    "full_attention",
    "full_attention",
    "full_attention",
    "full_attention",
    "full_attention",
    "full_attention",
    "full_attention",
    "full_attention",
    "full_attention",
    "full_attention",
    "full_attention",
    "full_attention",
    "full_attention",
    "full_attention",
    "full_attention",
    "full_attention",
    "full_attention",
    "full_attention",
    "full_attention",
    "full_attention",
    "full_attention",
    "full_attention",
    "full_attention",
    "full_attention",
    "full_attention",
    "full_attention",
    "full_attention",
    "full_attention",
    "full_attention"
  ],
  "max_position_embeddings": 32768,
  "max_window_layers": 70,
  "model_type": "qwen2",
  "num_attention_heads": 16,
  "num_hidden_layers": 36,
  "num_key_value_heads": 2,
  "rms_norm_eps": 1e-06,
  "rope_scaling": null,
  "rope_theta": 1000000.0,
  "sliding_window": null,
  "tie_word_embeddings": true,
  "transformers_version": "4.56.2",
  "use_cache": true,
  "use_sliding_window": false,
  "vocab_size": 151936
}

[INFO|tokenization_utils_base.py:2066] 2026-07-17 15:41:16,705 >> loading file vocab.json
[INFO|tokenization_utils_base.py:2066] 2026-07-17 15:41:16,705 >> loading file merges.txt
[INFO|tokenization_utils_base.py:2066] 2026-07-17 15:41:16,705 >> loading file tokenizer.json
[INFO|tokenization_utils_base.py:2066] 2026-07-17 15:41:16,705 >> loading file added_tokens.json
[INFO|tokenization_utils_base.py:2066] 2026-07-17 15:41:16,705 >> loading file special_tokens_map.json
[INFO|tokenization_utils_base.py:2066] 2026-07-17 15:41:16,705 >> loading file tokenizer_config.json
[INFO|tokenization_utils_base.py:2066] 2026-07-17 15:41:16,705 >> loading file chat_template.jinja
[INFO|tokenization_utils_base.py:2337] 2026-07-17 15:41:16,841 >> Special tokens have been added in the vocabulary, make sure the associated word embeddings are fine-tuned or trained.
[INFO|2026-07-17 15:41:16] llamafactory.data.loader:144 >> Loading dataset alpaca_clean.json...

Converting format of dataset (num_proc=8): 100%|██████████| 4684/4684 [00:00<?, ? examples/s]
Converting format of dataset (num_proc=8): 5270 examples [00:06, 88.25 examples/s]           
Converting format of dataset (num_proc=8): 7611 examples [00:07, 509.87 examples/s]
Converting format of dataset (num_proc=8): 9368 examples [00:07, 843.39 examples/s]
Converting format of dataset (num_proc=8): 9368 examples [00:09, 518.51 examples/s]

Running tokenizer on dataset (num_proc=8): 100%|██████████| 4449/4449 [00:00<?, ? examples/s]
Running tokenizer on dataset (num_proc=8): 5005 examples [00:07, 77.26 examples/s]           
Running tokenizer on dataset (num_proc=8): 5561 examples [00:07, 183.08 examples/s]
Running tokenizer on dataset (num_proc=8): 7229 examples [00:07, 545.39 examples/s]
Running tokenizer on dataset (num_proc=8): 7785 examples [00:08, 575.46 examples/s]
Running tokenizer on dataset (num_proc=8): 8341 examples [00:08, 746.97 examples/s]
Running tokenizer on dataset (num_proc=8): 8898 examples [00:10, 443.02 examples/s]
training example:
input_ids:
[151644, 8948, 198, 2610, 525, 1207, 16948, 11, 3465, 553, 54364, 14817, 13, 1446, 525, 264, 10950, 17847, 13, 151645, 198, 151644, 872, 198, 100345, 100431, 9370, 87140, 116481, 43815, 3837, 107485, 46944, 100765, 103947, 60396, 28311, 108386, 30709, 103445, 18493, 101036, 74999, 39953, 100237, 198, 96555, 74999, 39953, 100237, 198, 29767, 102317, 198, 102317, 113305, 101036, 198, 105544, 85336, 108922, 198, 102178, 108922, 198, 55286, 105544, 198, 105956, 101941, 198, 9707, 99466, 52801, 198, 107520, 29767, 9370, 43288, 110623, 75108, 103445, 114667, 198, 101045, 43288, 99461, 104927, 106309, 104639, 43288, 110623, 34187, 198, 17447, 99796, 99360, 104121, 116575, 105502, 33108, 109313, 50930, 104781, 198, 100632, 18397, 50930, 101095, 39953, 198, 101045, 97611, 102463, 80443, 100654, 99750, 99804, 109154, 198, 104100, 46944, 101174, 100714, 99774, 110623, 198, 62244, 26232, 99615, 9370, 104698, 198, 87267, 97706, 99996, 100281, 198, 100131, 59151, 24562, 102733, 43288, 39953, 101943, 103920, 198, 27773, 88051, 101161, 46944, 99165, 106087, 104968, 198, 112898, 101497, 43288, 39953, 99615, 18947, 23, 31207, 26939, 16, 15, 31207, 198, 99730, 101174, 18830, 99293, 9370, 198, 59151, 116172, 35946, 101497, 15946, 34187, 107381, 50292, 21, 24, 11, 23, 15, 15, 198, 109376, 110867, 9370, 100756, 100890, 9370, 107381, 50292, 198, 22, 24, 11, 23, 15, 15, 198, 101889, 23, 24, 23, 15, 15, 99743, 54387, 24, 24, 11, 23, 15, 15, 198, 88051, 99486, 35946, 101497, 9370, 23, 93, 16, 15, 31207, 106734, 198, 52801, 100624, 99601, 104210, 99487, 101588, 102250, 198, 99212, 30440, 80158, 99996, 100281, 34187, 198, 100775, 75108, 103445, 114667, 101909, 198, 114408, 52334, 50, 22246, 99486, 18947, 104116, 106161, 100964, 39953, 198, 101889, 97480, 26232, 112865, 99899, 104698, 198, 101045, 99466, 101998, 71268, 101265, 198, 97639, 53153, 115091, 100001, 39953, 115745, 102553, 198, 103127, 101944, 103127, 117586, 105437, 198, 99487, 53153, 99190, 100654, 42140, 9370, 115091, 198, 100137, 39953, 99652, 108357, 80443, 106136, 198, 103942, 18830, 105910, 105903, 9370, 53153, 18830, 106136, 198, 112269, 110367, 89012, 99190, 108449, 198, 101045, 99652, 106779, 101144, 115589, 9370, 102575, 198, 101889, 99487, 39953, 35946, 36171, 99261, 29767, 99593, 35727, 198, 35946, 112902, 29490, 99518, 99172, 104781, 198, 101889, 99557, 62922, 17254, 101069, 100158, 198, 43288, 39953, 100672, 100854, 99998, 105098, 100021, 9370, 100678, 198, 18947, 20412, 75108, 103445, 100135, 198, 104017, 45629, 100775, 104209, 111579, 39953, 34187, 198, 104017, 45629, 100775, 99190, 198, 34187, 105558, 198, 100626, 75108, 103445, 100481, 99225, 100137, 115589, 198, 33108, 100481, 99225, 13420, 14892, 100137, 115589, 198, 99345, 85106, 99245, 102481, 9370, 39953, 198, 104017, 100672, 99172, 111673, 108449, 198, 109160, 99486, 99743, 54387, 99828, 16, 15, 31207, 106734, 198, 101228, 99733, 97480, 99774, 99360, 52801, 44934, 198, 17447, 106542, 110267, 105502, 109313, 99461, 71268, 99526, 102346, 198, 43288, 18397, 16530, 116799, 41932, 198, 100405, 99883, 105502, 99165, 112620, 104111, 105502, 198, 80443, 99232, 69249, 100693, 109760, 9370, 198, 102114, 111096, 99165, 105500, 99899, 46944, 101107, 198, 101889, 109313, 101045, 100630, 85767, 99522, 198, 101889, 101034, 100630, 104121, 101054, 101107, 198, 108445, 106630, 118210, 105522, 198, 107409, 99212, 16, 15, 31207, 106734, 87752, 9370, 100137, 97480, 198, 103131, 99565, 50, 22246, 198, 99797, 102342, 11622, 99172, 198, 100842, 87267, 102657, 100135, 101097, 104314, 46944, 105911, 50, 22246, 198, 100131, 99652, 102558, 56568, 46944, 114408, 52334, 198, 99999, 99487, 101054, 106920, 198, 99998, 39953, 102595, 85767, 106920, 198, 105093, 105127, 75108, 103445, 104017, 45629, 102622, 106299, 101222, 198, 99998, 35946, 36407, 100398, 99526, 100204, 100507, 99522, 103924, 198, 101140, 100738, 16, 13, 20, 51, 9370, 115738, 99620, 104798, 198, 102189, 46944, 19589, 51, 9370, 112440, 198, 105875, 75108, 103445, 104111, 91777, 99614, 198, 101056, 107009, 29767, 38182, 198, 99487, 100738, 99172, 24641, 17447, 103556, 198, 105093, 102340, 198, 102384, 101909, 44063, 44063, 99521, 11622, 9370, 100021, 44063, 44063, 99521, 11622, 198, 101885, 62244, 104786, 35, 100104, 9370, 104215, 16872, 198, 99652, 99318, 109967, 37474, 109356, 64272, 9370, 198, 47872, 9370, 106829, 99591, 41299, 198, 87267, 113532, 105541, 102046, 198, 99486, 99487, 102481, 198, 110043, 99487, 39953, 87267, 104246, 114796, 83751, 14777, 83751, 198, 107020, 100644, 102384, 105088, 113305, 50, 100890, 198, 104786, 29767, 99487, 100890, 99487, 104215, 16872, 198, 87267, 99306, 99557, 16, 20, 51, 99487, 100413, 198, 18493, 97639, 104219, 101909, 198, 99792, 48921, 24641, 9370, 99899, 101053, 100681, 198, 99318, 64689, 107595, 116580, 26381, 62244, 26232, 87256, 47872, 44636, 100380, 198, 104288, 43288, 104560, 35946, 33126, 107907, 198, 114752, 113964, 101473, 75108, 103445, 114667, 198, 89012, 97611, 107861, 106087, 34187, 198, 100632, 102983, 14777, 99172, 198, 75108, 103445, 104017, 45629, 99190, 114752, 99725, 118210, 105522, 198, 102033, 100630, 108801, 9370, 100481, 99225, 13420, 14892, 198, 104047, 100681, 20221, 114752, 20412, 105191, 47872, 105565, 198, 100630, 99803, 104718, 49111, 45995, 106920, 198, 99998, 97639, 99803, 101883, 99792, 102581, 45995, 106920, 198, 104121, 113481, 9370, 108459, 111416, 99234, 198, 101889, 101932, 9370, 106169, 33071, 74763, 106630, 99792, 100832, 198, 101889, 31235, 109642, 109379, 31838, 90663, 198, 101900, 99392, 101037, 198, 101900, 102877, 41321, 99646, 36993, 198, 104854, 105542, 100749, 99630, 69249, 99319, 198, 104314, 53222, 107165, 52510, 198, 101889, 16530, 104314, 99758, 44729, 101037, 198, 75108, 103445, 97639, 99520, 36407, 36605, 107590, 9370, 198, 107409, 102124, 103929, 114752, 108239, 198, 104596, 100371, 53222, 34187, 99899, 107165, 52510, 35946, 43209, 198, 99487, 40090, 104198, 43209, 198, 68536, 75108, 103445, 74763, 102068, 111300, 118667, 50009, 34187, 198, 36171, 99261, 52510, 105083, 36587, 16, 17, 15, 117033, 105769, 198, 104030, 104748, 107228, 104808, 38109, 18397, 102149, 16, 17, 15, 117033, 9370, 52510, 198, 99487, 40090, 104037, 103420, 198, 106438, 72448, 198, 75108, 103445, 99652, 104550, 99487, 111199, 198, 104425, 11622, 104551, 38212, 99332, 104236, 9370, 106438, 198, 45177, 106438, 69249, 99319, 198, 100626, 102476, 100142, 101079, 9370, 100144, 105053, 198, 109230, 99792, 99729, 111941, 198, 99654, 99578, 100380, 105933, 99665, 46670, 99793, 99670, 100624, 80268, 101270, 198, 101889, 101079, 69249, 99319, 102068, 36993, 29258, 101883, 198, 100131, 102114, 26939, 85106, 99930, 112669, 101095, 100069, 198, 54947, 198, 109160, 107516, 116780, 198, 105083, 75108, 103445, 97706, 99526, 104781, 198, 104017, 102093, 18493, 116780, 99522, 104853, 100430, 105673, 198, 101889, 105764, 100204, 70074, 47764, 67279, 104008, 54542, 198, 101045, 101932, 99883, 99487, 116780, 104311, 100141, 198, 100632, 80158, 100632, 101073, 198, 87267, 101529, 100854, 99692, 100135, 198, 100854, 97706, 56006, 99652, 30534, 52801, 101243, 100263, 198, 108964, 102983, 99518, 14777, 99172, 110860, 106734, 99828, 9370, 39953, 198, 102056, 87256, 105580, 112446, 116780, 101913, 54542, 198, 101095, 102274, 100672, 36993, 53222, 99723, 104049, 101900, 99392, 101037, 198, 104033, 101900, 101912, 29767, 103982, 9370, 112392, 39953, 198, 101900, 29767, 38182, 101037, 198, 105093, 99212, 99882, 53222, 99723, 104049, 198, 114201, 99652, 110286, 46944, 198, 97706, 562, 26232, 99970, 49828, 99466, 105276, 9370, 100021, 198, 66394, 102068, 99998, 16872, 99593, 22382, 105673, 9370, 198, 99999, 114949, 44063, 44063, 21, 15, 17177, 198, 80158, 104926, 99899, 46944, 100021, 34187, 198, 100632, 99998, 35946, 111749, 36587, 99212, 100908, 198, 46944, 110123, 106898, 9370, 102236, 198, 18830, 105910, 100631, 18830, 102004, 198, 97639, 100132, 73670, 100669, 9370, 198, 100671, 80443, 106136, 102003, 198, 100644, 110267, 75108, 103445, 114667, 99487, 39953, 29767, 99793, 198, 99486, 99899, 46944, 100681, 198, 106087, 87267, 16530, 101319, 198, 106136, 108560, 80443, 198, 105910, 101997, 104121, 97480, 198, 99466, 104311, 99801, 99520, 105910, 34187, 198, 102056, 99801, 114667, 99487, 39953, 18830, 105910, 198, 107719, 101929, 101898, 101997, 100005, 110886, 198, 43288, 113493, 97611, 105910, 198, 101467, 75108, 103445, 114667, 99487, 39953, 198, 104169, 46944, 31235, 106050, 101224, 116631, 198, 80158, 99882, 102146, 198, 99487, 102146, 116659, 99652, 99557, 104121, 104152, 198, 109763, 79478, 85336, 101208, 198, 99652, 100007, 26232, 104086, 46944, 104703, 109991, 198, 75437, 97480, 99191, 198, 99452, 100165, 101938, 198, 100131, 112800, 75437, 108516, 198, 59151, 99879, 75108, 103445, 97480, 105093, 46944, 109559, 198, 101889, 45181, 101084, 115972, 198, 104017, 32664, 101084, 104901, 100354, 198, 105093, 104220, 9370, 105093, 52801, 99308, 198, 99652, 104596, 111199, 31843, 198, 99652, 102558, 46944, 97706, 100968, 104111, 82700, 198, 100630, 85361, 105819, 198, 104854, 113930, 198, 99172, 9370, 99744, 11622, 105558, 198, 56568, 89012, 46944, 39953, 97706, 106784, 29767, 198, 101054, 99518, 108969, 198, 85767, 65101, 99245, 100382, 44934, 101796, 198, 18, 21, 15, 106693, 99486, 101883, 99896, 85767, 198, 56568, 89012, 105140, 198, 101045, 99466, 104311, 100545, 34187, 198, 59151, 75108, 103445, 100672, 104077, 112505, 100413, 99190, 99898, 198, 101889, 97639, 102983, 14777, 105839, 198, 75108, 103445, 101056, 66078, 104901, 115589, 9370, 102236, 198, 99652, 74763, 105093, 99491, 101137, 198, 103928, 99345, 198, 105471, 101137, 104121, 105149, 9370, 20002, 104378, 198, 45181, 99391, 104300, 75108, 103445, 100481, 99225, 198, 110026, 27091, 198, 105471, 64754, 81668, 77540, 11622, 110082, 198, 100678, 26232, 99615, 99849, 198, 105093, 100354, 104220, 49828, 99491, 102146, 198, 101889, 103957, 100481, 99225, 13420, 14892, 198, 109381, 99615, 99849, 9370, 39953, 198, 99165, 104698, 104006, 39953, 198, 101889, 99360, 99466, 114477, 104111, 99735, 105826, 198, 103925, 101095, 39953, 87267, 102068, 99792, 103629, 198, 100131, 107303, 100555, 99652, 26232, 99615, 99849, 198, 101889, 26939, 100644, 198, 106153, 32664, 104017, 102018, 198, 112022, 46944, 100033, 52334, 104310, 198, 99360, 100033, 52334, 102013, 106683, 99190, 105442, 100380, 198, 101889, 100507, 99522, 100854, 16530, 120345, 198, 101889, 104854, 104246, 104314, 27442, 30709, 106087, 198, 106998, 99652, 100679, 104197, 100254, 198, 103445, 3126, 100168, 112670, 198, 105761, 100826, 101941, 198, 99797, 98380, 101103, 34187, 198, 101885, 99487, 39953, 100626, 104556, 100183, 107809, 99172, 198, 99999, 43288, 107056, 55286, 111796, 102013, 104336, 34187, 198, 87256, 100630, 111444, 105005, 198, 100644, 107652, 74763, 111409, 198, 36587, 99652, 101929, 99466, 104378, 198, 101889, 104314, 107342, 30709, 100475, 64355, 198, 99258, 27442, 100626, 114512, 198, 43288, 97706, 105522, 100137, 100681, 198, 99999, 75108, 103445, 104017, 45629, 26232, 66078, 39953, 106187, 107146, 100733, 198, 101889, 106898, 104304, 75437, 99793, 74763, 99639, 99360, 52801, 44934, 198, 104301, 108531, 75108, 103445, 114667, 104111, 101932, 103964, 198, 102570, 99466, 9370, 105208, 151645, 198, 151644, 77091, 198, 26288, 101054, 106827, 220, 41321, 99646, 75108, 103445, 114667, 151645, 198, 151644, 8948, 198, 2610, 525, 1207, 16948, 11, 3465, 553, 54364, 14817, 13, 1446, 525, 264, 10950, 17847, 13, 151645, 198, 151644, 872, 198, 39165, 89012, 46944, 80443, 111066, 9370, 104811, 108704, 42855, 101565, 113743, 13343, 3837, 73670, 101892, 87752, 98237, 30858, 102857, 71817, 40090, 48443, 101113, 62926, 101128, 74193, 111066, 9370, 108704, 3837, 102450, 20221, 90919, 9370, 101565, 3837, 100630, 20450, 5373, 104766, 5373, 17340, 13072, 5373, 99877, 13072, 5373, 73218, 13072, 33108, 82700, 13072, 8997, 100345, 101565, 9370, 31905, 96050, 101565, 108704, 107648, 37029, 99493, 26288, 100139, 17992, 9909, 2979, 3417, 7552, 71817, 113743, 8997, 18493, 99493, 26288, 100139, 17992, 101979, 3837, 37029, 101565, 31905, 33108, 100303, 17992, 17177, 99859, 101565, 108704, 3837, 68805, 17714, 5122, 2979, 101565, 31905, 25, 92293, 31914, 108704, 3417, 8997, 100345, 107591, 3837, 37029, 87752, 113743, 31905, 36407, 51463, 101970, 101565, 28311, 20450, 5122, 2979, 1678, 25, 220, 17, 15, 17, 18, 7948, 20, 9754, 17, 24, 8903, 11248, 104766, 5122, 2979, 2527, 25, 94305, 245, 46553, 11248, 17340, 13072, 5122, 2979, 8987, 1269, 25, 52506, 254, 44991, 11248, 99877, 13072, 5122, 2979, 1775, 1269, 25, 220, 58695, 105126, 11248, 73218, 13072, 5122, 2979, 10139, 1269, 25, 8908, 227, 122, 99837, 11248, 82700, 13072, 5122, 2979, 3031, 1269, 25, 12167, 220, 16, 18, 11248, 111514, 108704, 15946, 3837, 67338, 42855, 101565, 113743, 44063, 55338, 102450, 20221, 9370, 101565, 71817, 111066, 8997, 103944, 101565, 113743, 9370, 68805, 103967, 5373, 102188, 90395, 57218, 101565, 108704, 103124, 3407, 14880, 101892, 29524, 17447, 102857, 113743, 100431, 108704, 28311, 9520, 16, 101099, 111687, 102576, 3837, 100036, 71618, 115267, 3837, 108928, 104132, 61191, 107798, 3837, 102786, 85106, 104964, 64817, 101343, 16872, 102628, 46944, 115437, 1773, 11622, 110651, 99450, 63367, 5373, 15946, 63367, 33108, 42192, 13072, 63367, 9370, 63367, 101317, 45181, 99578, 26939, 29258, 59879, 99451, 113658, 112619, 3837, 101071, 107189, 62945, 52853, 1773, 109160, 94443, 100696, 101071, 100266, 99772, 112619, 1773, 104823, 106817, 39907, 220, 19, 18947, 102196, 102155, 107775, 20221, 117463, 111637, 26288, 100277, 105263, 33108, 30709, 100277, 105263, 101970, 111637, 106817, 106548, 151645, 198, 151644, 77091, 198, 9520, 16, 101099, 111687, 102576, 3837, 100036, 71618, 115267, 3837, 108928, 104132, 61191, 107798, 3837, 102786, 85106, 104964, 64817, 101343, 16872, 102628, 46944, 115437, 1773, 11622, 110651, 99450, 63367, 5373, 15946, 63367, 33108, 42192, 13072, 63367, 9370, 63367, 101317, 45181, 99578, 26939, 29258, 59879, 99451, 113658, 112619, 3837, 101071, 107189, 62945, 52853, 1773, 109160, 94443, 100696, 101071, 100266, 99772, 112619, 1773, 104823, 106817, 39907, 220, 19, 18947, 102196, 102155, 107775, 20221, 117463, 111637, 26288, 100277, 105263, 33108, 30709, 100277, 105263, 101970, 111637, 106817, 106548, 151645, 198, 151643]
inputs:
<|im_start|>system
You are Qwen, created by Alibaba Cloud. You are a helpful assistant.<|im_end|>
<|im_start|>user
根据下面的视频文案内容，给出一个吸引人的标题：
你好小菱在呢关闭车窗
正在关闭车窗
开空调
空调开着呢
导航去火车站
西安火车站
开始导航
播放音乐
Hello大家好
我现在开的这辆车五菱星辰
其实这已经是我第二次见到这辆车了
上一次把它的静态外观和内饰看了一下
不过回看那个车
其实我的内心没有特别大的波澜
我想一个挺普通的一辆车
如果能卖的便宜
可能还有的聊
但是结果前两天这车上市的时候
果真来了一个很惊喜的价格
我当时猜这车卖个8万到10万
应该挺有戏的
结果还真是我猜中了起步价69,800
不过是手动的自动挡的起步价
79,800
然后89800顶配99,800
真就是我猜的8~10万块钱
好那么现在基于这个前提之下
那可就有的聊了
本身五菱星辰是一个
紧凑级SUV就是个定位不算高的车
然后价格能打得这么便宜
其实大家心里都明白
我们不能指望这些车有多么强大
多么优秀多么亮眼的表现
这个不能做特别多的指望
这种车它如果说没有缺陷
当然有缺点是可以的不能有缺陷
能把这事给做明白了
其实它就已经有了爆款的潜力
然后这个车我今儿开了一天
我狠狠地又想了一下
然后跟别入交流一下
这车真的做的还是很有水平的为什么
个是五菱品牌
它们家本身做了这么多年车了
它们家本身做
了那么多
还有五菱宏光这种爆款
和宏光 mini EV这种爆款
市场需要什么样子的车
它们真的想得太明白了
然后再就是顶配不到10万块钱
真是杀价格的一把好手
上一期我把外观内饰已经都讲过了
这回不赘述
简单来说外观很踏实的一个外观
没有花里胡哨的
也没有会觉得很丑这么一个表现
然后内饰其实包括配置方面
然后以及包括它的空间表现
都已经做得还挺不错的
你想那10万块钱以下的这种价格
合资买SUV
基本不太用想
自主可能别的品牌只能给你一个小型SUV
但是它给了你一个紧凑级
所以这个空间也好
还是车内的配置也好
真的是厉害五菱它们家想法非常的清楚
还是我来具体讲几个驾驶方面啊
首先动力1.5T的涡轮发动机
加上一个CVT的变速箱
其实是五菱的一个老朋友
之前我们也开过
这个动力想称上澎湃
真的是不可能
基本上是一个将将够用的水平将将够用
而且如果我在D档的状况下
它油门前段还是比较软的
调的不是很激进
可能非要踩到底
就是这个样子
你觉得这个车可能还能往前推一推
所以我今天基本上全程开着S挡
我在开这个挡这个状况下
可能才跟15T这个东西
在我们心中是一个
比较相称的这么一种感觉
油门的整体灵敏度如果能再调高一点
我觉得这可能是我更满意的
底盘这部分算是五菱星辰
给我的一个小惊喜了
不过回头一想
五菱它们家做底盘一直还挺不错的
即使包括最小的宏光 mini EV
也可以感觉出底盘是精心调过的
包括跑现在的平路也好
还是我们跑一些比较烂路也好
它的震动的过滤也比较快
然后整体的平稳性也做得比较不错
然后最匪夷所思
你们知道吗
你们见过试驾会
有时候会在杯架里边
给你放一杯水
然后不给你盖子吗
五菱我们不是来送豆腐的
你想表达你的底盘稳定性
在这个地方放了这么一杯水我服
这个操作我是服
而五菱也确实把自己的包袱收了
今儿水早上说120毫升出门
晚上回去我还给他交回去了120毫升的水
这个操作有点骚
转向系统
五菱它既然这个价位
也能用一套电控助力的转向
EPS转向里边
还有舒适标准运动的模式调节
我还是比较喜欢舒适的
这样轻一点的方向盘转起来不会那么费劲
然后运动里边确实会重一些
但是也没有到需要练胳膊那个程度
KO
然后再就是一个隔音
早上五菱还讲了一下
它们专门在隔音方面下了多少功夫
然后用了几个声学包等等处理
其实整体来说这个隔音也就一般
不过就不过如此
可能有一些做的好的品牌
做的还比它要好很好截
但是我回头又一想十万块钱不到的车
如果你再不去做一些隔音上的处理
那个声音真的会放飞自我你们知道吗
尤其是你们比如开以前的本田车
你们开过吗
真的是那叫放飞自我
但是如果它能做到一个
还ok能赶得大家主流的水平
说明确实还是下了一定功夫的
所以这个地方将将60分
就差不多这么一个水平了
不过还是我开头说那句话
一个主打性价比的车型
有缺点或者有不足
我们都是可以接受的
只要没有缺陷就可以
今天我把五菱星辰这个车开起来
就是这么一个感觉
惊喜可能不太多
缺陷还真没有
缺点看看它的价格
大家也就觉得不是缺点了
如果你觉得星辰这个车有缺点
你不满足建议看看自己的钱包
这好像是我的缺点
开了五菱星辰这个车
给我一个最明显的感受是什么呢
就叫精准
这个精准一方面是它跟它的所有的
竞争对手们去相比
它如何能做出一个产品的差异化
打价格战
招谁都会
但是谁能打得好
结果发现五菱价格真的是一个杀手
然后从消费者层级
它们对消费者的一些需求
真的是把握的真的是好准
它在这个价位内
它给了一个还合适的一个产品
包括华老百姓
有时候买车
想的也不用那么多
你给一个车还比较好开
空间又比较大
配置像什么电子手刹
360影像就是一些基础配置
你给到位
其实大家也就满意了
结果五菱真的就能把这个东西做出来
然后我们回头一想想
五菱之前造的一些爆款的车型
它也真的是非常符合
那些市场
或者是符合它的特定的用户的需求
从早年的五菱宏光
个小面
或者是客货两用这么说
为什么能卖爆
真的是需求把握得非常精准
然后后来宏光 mini EV
也是一个卖爆的车
很便宜的小车
然后把大家最基本的一个交通解决了
虽然那个车可能确实比较糙
但是不妨碍它能卖爆
然后到今天
相当于对它们而言
自称一个战略级的产品
把战略级品质稍微做上来一点
然后驾驶方面做的不孬
然后有时候还能给你点小惊喜
比如说它中央的大屏
菱OS智能操作系统
语音地图音乐
基本功能都有了
而且这个车还有氛围灯你能想
所以这已经是开始有一点品质的感觉了
再包括音响的效果
今天听了也还不错
说它满足大家的需求
然后给你一点点小甜头
让点还有庆幸
这还不错的这种感觉
所以五菱它们家能造车的经验是真的丰富
然后性价比战争打起来也是一把好手
这就是我对五菱星辰的一个整体评价
谢谢大家的观看<|im_end|>
<|im_start|>assistant
大空间高品质 试驾五菱星辰<|im_end|>
<|im_start|>system
You are Qwen, created by Alibaba Cloud. You are a helpful assistant.<|im_end|>
<|im_start|>user
当给一个没有标注的中文文本添加实体标记时，可以按照以下简明指示进行操作：

阅读并理解待标注的文本，识别出其中的实体，包括时间、地点、人名、组织名、公司名和产品名。
根据实体的类型，在实体文本两侧使用双大括号（{{}}）进行标记。
在双大括号内部，使用实体类型和冒号分隔实体文本，格式为：{{实体类型: 实体文本}}。
根据实际情况，使用以下标记类型来表示不同的实体：
时间：{{time: 2023年5月29日}}
地点：{{location: 北京}}
人名：{{person_name: 张三}}
组织名：{{org_name: 中国共产党}}
公司名：{{company_name: 腾讯}}
产品名：{{product_name: iPhone 13}}
在整个文本中，通过添加实体标记将所有识别出的实体进行标注。
确保实体标记的格式统一、准确，并与实体文本对应。

请按照如上指示标记下面文本：
step1身体左侧卧，曲起膝盖，右手放在额头上，如有需要可以在右肩下垫一个枕头。用左手食指、中指和无名指的指腹从轻到重按压右侧乳房，检查是否有异物。然后再反方向检查另一侧乳房。中医按摩方法 4个动作让你揉出丰满胸部大胸美女和小胸美女不同的胸部按摩手法<|im_end|>
<|im_start|>assistant
step1身体左侧卧，曲起膝盖，右手放在额头上，如有需要可以在右肩下垫一个枕头。用左手食指、中指和无名指的指腹从轻到重按压右侧乳房，检查是否有异物。然后再反方向检查另一侧乳房。中医按摩方法 4个动作让你揉出丰满胸部大胸美女和小胸美女不同的胸部按摩手法<|im_end|>
<|endoftext|>
label_ids:
[-100, -100, -100, -100, -100, -100, -100, -100, -100, -100, -100, -100, -100, -100, -100, -100, -100, -100, -100, -100, -100, -100, -100, -100, -100, -100, -100, -100, -100, -100, -100, -100, -100, -100, -100, -100, -100, -100, -100, -100, -100, -100, -100, -100, -100, -100, -100, -100, -100, -100, -100, -100, -100, -100, -100, -100, -100, -100, -100, -100, -100, -100, -100, -100, -100, -100, -100, -100, -100, -100, -100, -100, -100, -100, -100, -100, -100, -100, -100, -100, -100, -100, -100, -100, -100, -100, -100, -100, -100, -100, -100, -100, -100, -100, -100, -100, -100, -100, -100, -100, -100, -100, -100, -100, -100, -100, -100, -100, -100, -100, -100, -100, -100, -100, -100, -100, -100, -100, -100, -100, -100, -100, -100, -100, -100, -100, -100, -100, -100, -100, -100, -100, -100, -100, -100, -100, -100, -100, -100, -100, -100, -100, -100, -100, -100, -100, -100, -100, -100, -100, -100, -100, -100, -100, -100, -100, -100, -100, -100, -100, -100, -100, -100, -100, -100, -100, -100, -100, -100, -100, -100, -100, -100, -100, -100, -100, -100, -100, -100, -100, -100, -100, -100, -100, -100, -100, -100, -100, -100, -100, -100, -100, -100, -100, -100, -100, -100, -100, -100, -100, -100, -100, -100, -100, -100, -100, -100, -100, -100, -100, -100, -100, -100, -100, -100, -100, -100, -100, -100, -100, -100, -100, -100, -100, -100, -100, -100, -100, -100, -100, -100, -100, -100, -100, -100, -100, -100, -100, -100, -100, -100, -100, -100, -100, -100, -100, -100, -100, -100, -100, -100, -100, -100, -100, -100, -100, -100, -100, -100, -100, -100, -100, -100, -100, -100, -100, -100, -100, -100, -100, -100, -100, -100, -100, -100, -100, -100, -100, -100, -100, -100, -100, -100, -100, -100, -100, -100, -100, -100, -100, -100, -100, -100, -100, -100, -100, -100, -100, -100, -100, -100, -100, -100, -100, -100, -100, -100, -100, -100, -100, -100, -100, -100, -100, -100, -100, -100, -100, -100, -100, -100, -100, -100, -100, -100, -100, -100, -100, -100, -100, -100, -100, -100, -100, -100, -100, -100, -100, -100, -100, -100, -100, -100, -100, -100, -100, -100, -100, -100, -100, -100, -100, -100, -100, -100, -100, -100, -100, -100, -100, -100, -100, -100, -100, -100, -100, -100, -100, -100, -100, -100, -100, -100, -100, -100, -100, -100, -100, -100, -100, -100, -100, -100, -100, -100, -100, -100, -100, -100, -100, -100, -100, -100, -100, -100, -100, -100, -100, -100, -100, -100, -100, -100, -100, -100, -100, -100, -100, -100, -100, -100, -100, -100, -100, -100, -100, -100, -100, -100, -100, -100, -100, -100, -100, -100, -100, -100, -100, -100, -100, -100, -100, -100, -100, -100, -100, -100, -100, -100, -100, -100, -100, -100, -100, -100, -100, -100, -100, -100, -100, -100, -100, -100, -100, -100, -100, -100, -100, -100, -100, -100, -100, -100, -100, -100, -100, -100, -100, -100, -100, -100, -100, -100, -100, -100, -100, -100, -100, -100, -100, -100, -100, -100, -100, -100, -100, -100, -100, -100, -100, -100, -100, -100, -100, -100, -100, -100, -100, -100, -100, -100, -100, -100, -100, -100, -100, -100, -100, -100, -100, -100, -100, -100, -100, -100, -100, -100, -100, -100, -100, -100, -100, -100, -100, -100, -100, -100, -100, -100, -100, -100, -100, -100, -100, -100, -100, -100, -100, -100, -100, -100, -100, -100, -100, -100, -100, -100, -100, -100, -100, -100, -100, -100, -100, -100, -100, -100, -100, -100, -100, -100, -100, -100, -100, -100, -100, -100, -100, -100, -100, -100, -100, -100, -100, -100, -100, -100, -100, -100, -100, -100, -100, -100, -100, -100, -100, -100, -100, -100, -100, -100, -100, -100, -100, -100, -100, -100, -100, -100, -100, -100, -100, -100, -100, -100, -100, -100, -100, -100, -100, -100, -100, -100, -100, -100, -100, -100, -100, -100, -100, -100, -100, -100, -100, -100, -100, -100, -100, -100, -100, -100, -100, -100, -100, -100, -100, -100, -100, -100, -100, -100, -100, -100, -100, -100, -100, -100, -100, -100, -100, -100, -100, -100, -100, -100, -100, -100, -100, -100, -100, -100, -100, -100, -100, -100, -100, -100, -100, -100, -100, -100, -100, -100, -100, -100, -100, -100, -100, -100, -100, -100, -100, -100, -100, -100, -100, -100, -100, -100, -100, -100, -100, -100, -100, -100, -100, -100, -100, -100, -100, -100, -100, -100, -100, -100, -100, -100, -100, -100, -100, -100, -100, -100, -100, -100, -100, -100, -100, -100, -100, -100, -100, -100, -100, -100, -100, -100, -100, -100, -100, -100, -100, -100, -100, -100, -100, -100, -100, -100, -100, -100, -100, -100, -100, -100, -100, -100, -100, -100, -100, -100, -100, -100, -100, -100, -100, -100, -100, -100, -100, -100, -100, -100, -100, -100, -100, -100, -100, -100, -100, -100, -100, -100, -100, -100, -100, -100, -100, -100, -100, -100, -100, -100, -100, -100, -100, -100, -100, -100, -100, -100, -100, -100, -100, -100, -100, -100, -100, -100, -100, -100, -100, -100, -100, -100, -100, -100, -100, -100, -100, -100, -100, -100, -100, -100, -100, -100, -100, -100, -100, -100, -100, -100, -100, -100, -100, -100, -100, -100, -100, -100, -100, -100, -100, -100, -100, -100, -100, -100, -100, -100, -100, -100, -100, -100, -100, -100, -100, -100, -100, -100, -100, -100, -100, -100, -100, -100, -100, -100, -100, -100, -100, -100, -100, -100, -100, -100, -100, -100, -100, -100, -100, -100, -100, -100, -100, -100, -100, -100, -100, -100, -100, -100, -100, -100, -100, -100, -100, -100, -100, -100, -100, -100, -100, -100, -100, -100, -100, -100, -100, -100, -100, -100, -100, -100, -100, -100, -100, -100, -100, -100, -100, -100, -100, -100, -100, -100, -100, -100, -100, -100, -100, -100, -100, -100, -100, -100, -100, -100, -100, -100, -100, -100, -100, -100, -100, -100, -100, -100, -100, -100, -100, -100, -100, -100, -100, -100, -100, -100, -100, -100, -100, -100, -100, -100, -100, -100, -100, -100, -100, -100, -100, -100, -100, -100, -100, -100, -100, -100, -100, -100, -100, -100, -100, -100, -100, -100, -100, -100, -100, -100, -100, -100, -100, -100, -100, -100, -100, -100, -100, -100, -100, -100, -100, -100, -100, -100, -100, -100, -100, -100, -100, -100, -100, -100, -100, -100, -100, -100, -100, -100, -100, -100, -100, -100, -100, -100, -100, -100, -100, -100, -100, -100, -100, -100, -100, -100, -100, -100, -100, -100, -100, -100, -100, -100, -100, -100, -100, -100, -100, -100, -100, -100, -100, -100, -100, -100, -100, -100, -100, -100, -100, -100, -100, -100, -100, -100, -100, -100, -100, -100, -100, -100, -100, -100, -100, -100, -100, -100, -100, -100, -100, -100, -100, -100, -100, -100, -100, -100, -100, -100, -100, -100, -100, -100, -100, -100, -100, -100, -100, -100, -100, -100, -100, -100, -100, -100, -100, -100, -100, -100, -100, -100, -100, -100, -100, -100, -100, -100, -100, -100, -100, -100, -100, -100, -100, -100, -100, -100, -100, -100, -100, -100, -100, -100, -100, -100, -100, -100, -100, -100, -100, -100, -100, -100, -100, -100, -100, -100, -100, -100, -100, -100, -100, -100, -100, -100, -100, -100, -100, -100, -100, -100, -100, -100, -100, -100, -100, -100, -100, -100, -100, -100, -100, -100, -100, -100, -100, -100, -100, -100, -100, -100, -100, -100, -100, -100, -100, -100, -100, -100, -100, -100, -100, -100, -100, -100, -100, -100, -100, -100, -100, -100, -100, -100, -100, -100, -100, -100, -100, -100, -100, -100, -100, -100, -100, -100, -100, -100, -100, -100, -100, -100, -100, -100, -100, -100, -100, -100, -100, -100, -100, -100, -100, -100, -100, -100, -100, -100, -100, -100, -100, -100, -100, -100, -100, -100, -100, -100, -100, -100, -100, -100, -100, -100, -100, -100, -100, -100, -100, -100, -100, -100, -100, -100, -100, -100, -100, -100, -100, -100, -100, -100, -100, -100, -100, -100, -100, -100, -100, -100, -100, -100, -100, -100, -100, -100, -100, -100, -100, -100, -100, -100, -100, -100, -100, -100, -100, -100, -100, -100, -100, -100, -100, -100, -100, -100, -100, -100, -100, -100, -100, -100, -100, -100, -100, -100, -100, -100, -100, -100, -100, -100, -100, -100, -100, -100, -100, -100, -100, -100, -100, -100, -100, -100, -100, -100, -100, -100, -100, -100, -100, -100, -100, -100, -100, -100, -100, -100, -100, -100, -100, -100, -100, -100, -100, -100, -100, -100, -100, -100, -100, -100, -100, -100, -100, -100, -100, -100, -100, -100, -100, -100, -100, -100, -100, -100, -100, -100, -100, -100, -100, -100, -100, -100, -100, -100, -100, -100, -100, -100, -100, -100, -100, -100, -100, -100, -100, -100, -100, -100, -100, -100, -100, -100, -100, -100, -100, -100, -100, -100, -100, -100, -100, -100, -100, -100, -100, -100, -100, -100, -100, -100, -100, -100, -100, -100, -100, -100, -100, -100, -100, -100, -100, -100, -100, -100, -100, -100, -100, -100, -100, -100, -100, -100, -100, -100, -100, -100, -100, -100, -100, -100, -100, -100, -100, -100, -100, -100, -100, -100, -100, -100, -100, -100, -100, -100, -100, -100, -100, -100, -100, -100, -100, -100, -100, -100, -100, -100, -100, -100, -100, -100, -100, -100, -100, -100, -100, -100, -100, -100, -100, -100, -100, -100, -100, -100, -100, -100, -100, -100, -100, -100, -100, -100, -100, -100, -100, -100, -100, -100, -100, -100, -100, -100, -100, -100, -100, -100, -100, -100, -100, -100, -100, -100, -100, -100, -100, -100, -100, -100, -100, -100, -100, -100, -100, -100, -100, -100, -100, -100, -100, -100, -100, -100, -100, -100, -100, -100, -100, -100, -100, -100, -100, -100, -100, -100, -100, -100, -100, -100, -100, -100, -100, -100, -100, -100, -100, -100, -100, -100, -100, -100, -100, -100, -100, -100, -100, -100, -100, -100, -100, -100, -100, -100, -100, -100, -100, -100, -100, -100, -100, -100, -100, -100, -100, -100, -100, -100, -100, -100, -100, -100, -100, -100, -100, -100, -100, -100, -100, -100, -100, -100, -100, -100, -100, -100, -100, -100, -100, 26288, 101054, 106827, 220, 41321, 99646, 75108, 103445, 114667, 151645, 198, -100, -100, -100, -100, -100, -100, -100, -100, -100, -100, -100, -100, -100, -100, -100, -100, -100, -100, -100, -100, -100, -100, -100, -100, -100, -100, -100, -100, -100, -100, -100, -100, -100, -100, -100, -100, -100, -100, -100, -100, -100, -100, -100, -100, -100, -100, -100, -100, -100, -100, -100, -100, -100, -100, -100, -100, -100, -100, -100, -100, -100, -100, -100, -100, -100, -100, -100, -100, -100, -100, -100, -100, -100, -100, -100, -100, -100, -100, -100, -100, -100, -100, -100, -100, -100, -100, -100, -100, -100, -100, -100, -100, -100, -100, -100, -100, -100, -100, -100, -100, -100, -100, -100, -100, -100, -100, -100, -100, -100, -100, -100, -100, -100, -100, -100, -100, -100, -100, -100, -100, -100, -100, -100, -100, -100, -100, -100, -100, -100, -100, -100, -100, -100, -100, -100, -100, -100, -100, -100, -100, -100, -100, -100, -100, -100, -100, -100, -100, -100, -100, -100, -100, -100, -100, -100, -100, -100, -100, -100, -100, -100, -100, -100, -100, -100, -100, -100, -100, -100, -100, -100, -100, -100, -100, -100, -100, -100, -100, -100, -100, -100, -100, -100, -100, -100, -100, -100, -100, -100, -100, -100, -100, -100, -100, -100, -100, -100, -100, -100, -100, -100, -100, -100, -100, -100, -100, -100, -100, -100, -100, -100, -100, -100, -100, -100, -100, -100, -100, -100, -100, -100, -100, -100, -100, -100, -100, -100, -100, -100, -100, -100, -100, -100, -100, -100, -100, -100, -100, -100, -100, -100, -100, -100, -100, -100, -100, -100, -100, -100, -100, -100, -100, -100, -100, -100, -100, -100, -100, -100, -100, -100, -100, -100, -100, -100, -100, -100, -100, -100, -100, -100, -100, -100, -100, -100, -100, -100, -100, -100, -100, -100, -100, -100, -100, -100, -100, -100, -100, -100, -100, -100, -100, -100, -100, -100, -100, -100, -100, -100, -100, -100, -100, -100, -100, -100, -100, -100, -100, -100, -100, -100, -100, -100, -100, -100, -100, -100, -100, -100, -100, -100, -100, -100, -100, -100, -100, -100, -100, -100, -100, -100, -100, -100, -100, -100, -100, -100, -100, -100, -100, 9520, 16, 101099, 111687, 102576, 3837, 100036, 71618, 115267, 3837, 108928, 104132, 61191, 107798, 3837, 102786, 85106, 104964, 64817, 101343, 16872, 102628, 46944, 115437, 1773, 11622, 110651, 99450, 63367, 5373, 15946, 63367, 33108, 42192, 13072, 63367, 9370, 63367, 101317, 45181, 99578, 26939, 29258, 59879, 99451, 113658, 112619, 3837, 101071, 107189, 62945, 52853, 1773, 109160, 94443, 100696, 101071, 100266, 99772, 112619, 1773, 104823, 106817, 39907, 220, 19, 18947, 102196, 102155, 107775, 20221, 117463, 111637, 26288, 100277, 105263, 33108, 30709, 100277, 105263, 101970, 111637, 106817, 106548, 151645, 198, -100]
labels:
大空间高品质 试驾五菱星辰<|im_end|>
step1身体左侧卧，曲起膝盖，右手放在额头上，如有需要可以在右肩下垫一个枕头。用左手食指、中指和无名指的指腹从轻到重按压右侧乳房，检查是否有异物。然后再反方向检查另一侧乳房。中医按摩方法 4个动作让你揉出丰满胸部大胸美女和小胸美女不同的胸部按摩手法<|im_end|>


Running tokenizer on dataset (num_proc=8): 100%|██████████| 235/235 [00:00<?, ? examples/s]
Running tokenizer on dataset (num_proc=8): 264 examples [00:07,  4.14 examples/s]          
Running tokenizer on dataset (num_proc=8): 381 examples [00:07, 24.70 examples/s]
Running tokenizer on dataset (num_proc=8): 410 examples [00:07, 31.31 examples/s]
Running tokenizer on dataset (num_proc=8): 440 examples [00:08, 33.54 examples/s]
Running tokenizer on dataset (num_proc=8): 470 examples [00:09, 24.62 examples/s]
eval example:
input_ids:
[151644, 8948, 198, 2610, 525, 1207, 16948, 11, 3465, 553, 54364, 14817, 13, 1446, 525, 264, 10950, 17847, 13, 151645, 198, 151644, 872, 198, 39165, 89012, 46944, 80443, 111066, 9370, 104811, 108704, 42855, 101565, 113743, 13343, 3837, 73670, 101892, 87752, 98237, 30858, 102857, 71817, 40090, 48443, 101113, 62926, 101128, 74193, 111066, 9370, 108704, 3837, 102450, 20221, 90919, 9370, 101565, 3837, 100630, 20450, 5373, 104766, 5373, 17340, 13072, 5373, 99877, 13072, 5373, 73218, 13072, 33108, 82700, 13072, 8997, 100345, 101565, 9370, 31905, 96050, 101565, 108704, 107648, 37029, 99493, 26288, 100139, 17992, 9909, 2979, 3417, 7552, 71817, 113743, 8997, 18493, 99493, 26288, 100139, 17992, 101979, 3837, 37029, 101565, 31905, 33108, 100303, 17992, 17177, 99859, 101565, 108704, 3837, 68805, 17714, 5122, 2979, 101565, 31905, 25, 92293, 31914, 108704, 3417, 8997, 100345, 107591, 3837, 37029, 87752, 113743, 31905, 36407, 51463, 101970, 101565, 28311, 20450, 5122, 2979, 1678, 25, 220, 17, 15, 17, 18, 7948, 20, 9754, 17, 24, 8903, 11248, 104766, 5122, 2979, 2527, 25, 94305, 245, 46553, 11248, 17340, 13072, 5122, 2979, 8987, 1269, 25, 52506, 254, 44991, 11248, 99877, 13072, 5122, 2979, 1775, 1269, 25, 220, 58695, 105126, 11248, 73218, 13072, 5122, 2979, 10139, 1269, 25, 8908, 227, 122, 99837, 11248, 82700, 13072, 5122, 2979, 3031, 1269, 25, 12167, 220, 16, 18, 11248, 111514, 108704, 15946, 3837, 67338, 42855, 101565, 113743, 44063, 55338, 102450, 20221, 9370, 101565, 71817, 111066, 8997, 103944, 101565, 113743, 9370, 68805, 103967, 5373, 102188, 90395, 57218, 101565, 108704, 103124, 3407, 14880, 101892, 29524, 17447, 102857, 113743, 100431, 108704, 28311, 100339, 23305, 100201, 29524, 20412, 104094, 40727, 111777, 9370, 103010, 106399, 104020, 108647, 3837, 100698, 108019, 99466, 102167, 101038, 105369, 6313, 106275, 110121, 34187, 3837, 105064, 119553, 110097, 21596, 99515, 1773, 100193, 59151, 104022, 3837, 104138, 101256, 36407, 102473, 85361, 99462, 89012, 111777, 100393, 105593, 99666, 104039, 3837, 77288, 100648, 99788, 100021, 33108, 106086, 101558, 106131, 108795, 58695, 111777, 118811, 107149, 90395, 102585, 100393, 106087, 1773, 58695, 105732, 45995, 18493, 98749, 23384, 11319, 99880, 107074, 107149, 9370, 109370, 100798, 105607, 23031, 110312, 112711, 6313, 1, 84141, 230, 42140, 100328, 100140, 3837, 58695, 111777, 25710, 77959, 104404, 101157, 16530, 99284, 3837, 108902, 100040, 100426, 34204, 114052, 102473, 85361, 99462, 3837, 77288, 100339, 23305, 100201, 99786, 100140, 3837, 102151, 25710, 77959, 3837, 25710, 9370, 99899, 105127, 3837, 102473, 85361, 99462, 99349, 101403, 41146, 119931, 40727, 102151, 70927, 109811, 3837, 114052, 106616, 106716, 110258, 64429, 3837, 104092, 75437, 104334, 31235, 106686, 9370, 100000, 42411, 101891, 3837, 43288, 99165, 102511, 1773, 36587, 114052, 103936, 108259, 92894, 114815, 3837, 78556, 99522, 99200, 99393, 99200, 106944, 3837, 99437, 102777, 20412, 100290, 100426, 101187, 99245, 9370, 1773, 1, 151645, 198, 151644, 77091, 198, 2979, 8987, 1269, 25, 100339, 23305, 100201, 3417, 29524, 20412, 104094, 40727, 2979, 1775, 1269, 25, 111777, 3417, 9370, 103010, 106399, 104020, 108647, 3837, 100698, 108019, 99466, 102167, 101038, 105369, 6313, 106275, 110121, 34187, 3837, 105064, 119553, 110097, 21596, 99515, 1773, 100193, 59151, 104022, 3837, 104138, 2979, 1678, 25, 101256, 3417, 36407, 2979, 8987, 1269, 25, 102473, 85361, 99462, 3417, 89012, 2979, 1775, 1269, 25, 111777, 3417, 100393, 105593, 99666, 104039, 3837, 77288, 100648, 99788, 100021, 33108, 106086, 101558, 106131, 108795, 2979, 1775, 1269, 25, 58695, 111777, 3417, 118811, 107149, 90395, 102585, 100393, 106087, 1773, 2979, 1775, 1269, 25, 58695, 105732, 3417, 45995, 18493, 98749, 23384, 11319, 99880, 2979, 2527, 25, 107074, 3417, 107149, 9370, 109370, 100798, 105607, 23031, 110312, 112711, 6313, 1, 84141, 230, 42140, 100328, 100140, 3837, 2979, 1775, 1269, 25, 58695, 111777, 3417, 25710, 77959, 104404, 101157, 16530, 99284, 3837, 108902, 100040, 100426, 34204, 114052, 2979, 8987, 1269, 25, 102473, 85361, 99462, 3417, 3837, 77288, 2979, 8987, 1269, 25, 100339, 23305, 100201, 3417, 99786, 100140, 3837, 102151, 25710, 77959, 3837, 25710, 9370, 99899, 105127, 3837, 2979, 8987, 1269, 25, 102473, 85361, 99462, 3417, 99349, 101403, 41146, 119931, 40727, 102151, 70927, 109811, 3837, 114052, 106616, 106716, 110258, 64429, 3837, 104092, 75437, 104334, 31235, 106686, 9370, 100000, 42411, 101891, 3837, 43288, 99165, 102511, 1773, 36587, 114052, 103936, 108259, 92894, 114815, 3837, 78556, 99522, 99200, 99393, 99200, 106944, 3837, 99437, 102777, 20412, 100290, 100426, 101187, 99245, 9370, 1773, 1, 151645, 198, 151644, 8948, 198, 2610, 525, 1207, 16948, 11, 3465, 553, 54364, 14817, 13, 1446, 525, 264, 10950, 17847, 13, 151645, 198, 151644, 872, 198, 56568, 101909, 116065, 3837, 99601, 101529, 110517, 107120, 100138, 106212, 37945, 56568, 107439, 20221, 90919, 9370, 2073, 20074, 104852, 28946, 854, 91956, 20074, 101565, 33590, 2073, 104920, 100220, 854, 91956, 93149, 102196, 854, 91956, 104412, 102196, 854, 91956, 76095, 854, 91956, 100466, 33590, 101127, 11622, 1, 17905, 1, 5373, 1, 691, 1, 5373, 1, 64782, 1, 5373, 1, 19368, 1, 5373, 1, 17384, 1, 5373, 1, 9056, 1, 5373, 1, 76663, 1, 51463, 90395, 11622, 33, 3810, 111066, 24339, 111066, 99898, 3837, 23990, 18947, 18600, 9370, 111066, 11622, 66310, 1, 51463, 1773, 87752, 101909, 103358, 36987, 44991, 5373, 35946, 22243, 100007, 101203, 5373, 102479, 5373, 100433, 102593, 101214, 109758, 9909, 14777, 7552, 101203, 35946, 22243, 99670, 57218, 99885, 73218, 5373, 99877, 109553, 93149, 101214, 109758, 3837, 77288, 87752, 99559, 110953, 5122, 33590, 56568, 58362, 66017, 104506, 111066, 40727, 46, 506, 506, 506, 506, 506, 506, 506, 506, 506, 506, 506, 506, 506, 506, 506, 506, 506, 506, 506, 506, 506, 506, 506, 506, 506, 506, 425, 72112, 358, 72112, 506, 506, 506, 425, 17967, 583, 82, 358, 17967, 583, 82, 358, 17967, 583, 82, 358, 17967, 583, 82, 506, 425, 17967, 583, 82, 358, 17967, 583, 82, 358, 17967, 583, 82, 358, 17967, 583, 82, 358, 17967, 583, 82, 425, 59720, 358, 59720, 506, 506, 425, 13945, 358, 13945, 358, 13945, 358, 13945, 506, 425, 58005, 358, 58005, 358, 58005, 358, 58005, 358, 58005, 358, 58005, 358, 58005, 506, 1, 1773, 99601, 14880, 111066, 87752, 107120, 100138, 106212, 28311, 100433, 102593, 18, 13, 19, 5373, 21894, 103951, 99373, 105542, 87752, 104705, 3837, 100136, 18493, 103975, 101137, 106459, 100142, 106552, 105136, 101082, 108061, 3837, 104674, 100433, 102593, 101214, 109758, 5122, 18, 13, 19, 13, 16, 5373, 100345, 101214, 100354, 96050, 87026, 100692, 101185, 9370, 102593, 75768, 16872, 102593, 87026, 31838, 105146, 9370, 109758, 24968, 18, 13, 19, 13, 17, 5373, 100345, 100376, 5373, 102648, 104272, 5373, 100059, 57191, 104341, 100776, 9370, 106559, 33071, 101882, 3837, 97639, 104309, 100433, 102593, 101214, 109758, 1773, 151645, 198, 151644, 77091, 198, 46, 506, 506, 506, 506, 506, 506, 506, 425, 72112, 358, 72112, 358, 72112, 425, 58005, 358, 58005, 358, 58005, 358, 58005, 358, 58005, 358, 58005, 358, 58005, 358, 58005, 506, 425, 58005, 358, 58005, 358, 58005, 358, 58005, 358, 58005, 358, 58005, 358, 58005, 358, 58005, 358, 58005, 358, 58005, 358, 58005, 358, 58005, 358, 58005, 358, 58005, 358, 58005, 358, 58005, 358, 58005, 358, 58005, 358, 58005, 358, 58005, 358, 58005, 506, 506, 506, 425, 59720, 358, 59720, 358, 59720, 358, 59720, 506, 506, 425, 13945, 358, 13945, 358, 13945, 358, 13945, 506, 506, 506, 506, 506, 506, 506, 506, 506, 506, 506, 506, 506, 506, 506, 506, 506, 506, 506, 506, 506, 506, 506, 506, 506, 506, 506, 506, 506, 506, 506, 506, 506, 506, 506, 506, 506, 506, 506, 506, 506, 506, 506, 506, 425, 58005, 358, 58005, 358, 58005, 358, 58005, 506, 425, 58005, 358, 58005, 358, 58005, 358, 58005, 358, 58005, 506, 425, 58005, 358, 58005, 358, 58005, 358, 58005, 358, 58005, 358, 58005, 358, 58005, 358, 58005, 358, 58005, 358, 58005, 358, 58005, 358, 58005, 358, 58005, 506, 425, 72112, 358, 72112, 506, 506, 506, 425, 59720, 358, 59720, 358, 59720, 358, 59720, 506, 506, 425, 13945, 358, 13945, 358, 13945, 358, 13945, 506, 151645, 198, 151644, 8948, 198, 2610, 525, 1207, 16948, 11, 3465, 553, 54364, 14817, 13, 1446, 525, 264, 10950, 17847, 13, 151645, 198, 151644, 872, 198, 100007, 18493, 29475, 15946, 37029, 7692, 2535, 2415, 11319, 151645, 198, 151644, 77091, 198, 107215, 29475, 15946, 37029, 63, 7692, 14, 11421, 63, 33108, 63, 1857, 6003, 4770, 54258, 3837, 107952, 50377, 46944, 62945, 64682, 32804, 90395, 18493, 104793, 89012, 63, 2186, 54258, 9370, 115392, 32804, 15946, 37029, 63, 11421, 63, 118294, 1773, 63, 11421, 63, 118294, 107191, 29475, 104001, 13343, 107276, 62945, 64682, 32804, 9370, 75117, 3837, 104275, 67071, 21041, 51463, 9370, 62945, 64682, 40090, 60548, 101784, 8997, 87752, 101909, 19793, 26355, 28311, 13874, 3989, 1024, 5109, 284, 508, 16, 11, 220, 17, 11, 220, 18, 11, 220, 19, 11, 220, 20, 935, 322, 47758, 46944, 62945, 64682, 32804, 198, 1024, 3312, 9626, 284, 3312, 1719, 589, 341, 442, 85658, 2186, 368, 44063, 62945, 64682, 40090, 110645, 69824, 101047, 103991, 102268, 198, 733, 1102, 284, 2535, 5109, 4770, 18285, 320, 4082, 8, 589, 341, 442, 46750, 58522, 101883, 62945, 64682, 40090, 3837, 77557, 45181, 7082, 45912, 20074, 198, 733, 2033, 284, 2535, 7807, 5809, 1254, 1110, 14689, 23904, 905, 14, 37378, 11254, 4082, 18811, 733, 821, 284, 2535, 2033, 4323, 543, 470, 821, 280, 1625, 442, 89254, 27773, 44063, 101909, 21041, 69824, 3837, 105773, 104525, 198, 733, 19673, 2077, 284, 2535, 7303, 7670, 4456, 317, 442, 69162, 106637, 104813, 25511, 71817, 40090, 198, 2339, 1665, 4590, 8731, 2077, 317, 2440, 13874, 3989, 102252, 19793, 26355, 15946, 3837, 63, 7692, 9626, 54258, 101909, 62945, 64682, 32804, 3837, 99652, 37029, 63, 2186, 54258, 44063, 62945, 64682, 40090, 9909, 45181, 7082, 45912, 20074, 7552, 110645, 63, 37378, 63, 69824, 101047, 103991, 102268, 1773, 18493, 104793, 89012, 63, 2186, 54258, 9370, 115392, 32804, 15946, 37029, 63, 11421, 63, 118294, 3837, 23031, 107276, 75117, 3837, 104275, 63, 9641, 54258, 31526, 9370, 21041, 99250, 106637, 1773, 101889, 3837, 44063, 59151, 21041, 69824, 104793, 89012, 63, 21041, 7670, 54258, 3837, 75882, 39907, 31526, 110581, 21041, 3837, 75882, 21041, 18493, 69824, 101047, 55338, 21041, 106358, 106637, 13343, 106637, 1773, 100161, 3837, 44063, 106637, 104813, 25511, 65577, 26939, 100359, 53938, 15946, 1773, 151645, 198, 151644, 8948, 198, 2610, 525, 1207, 16948, 11, 3465, 553, 54364, 14817, 13, 1446, 525, 264, 10950, 17847, 13, 151645, 198, 151644, 872, 198, 14880, 104210, 89012, 22382, 9370, 102122, 99448, 61443, 104383, 105630, 105051, 8997, 105043, 104730, 17340, 3837, 77288, 16530, 99494, 102057, 99366, 1773, 56568, 99614, 36407, 104730, 92133, 56568, 3837, 56568, 101077, 99278, 42411, 102946, 102946, 2073, 112745, 82224, 33590, 56568, 99880, 105041, 104314, 101914, 18947, 100030, 100021, 2073, 99835, 99582, 97907, 100371, 1773, 101889, 105182, 56007, 101222, 43288, 100371, 2073, 107250, 97480, 854, 91956, 46477, 854, 91956, 87805, 107154, 854, 100001, 27369, 1773, 100161, 3837, 105182, 104305, 105041, 116211, 3837, 101889, 36587, 111811, 1773, 151645, 198, 151644, 77091, 198, 25312, 25, 220, 108386, 3837, 35946, 101909, 101326, 70108, 3837, 16530, 99494, 102057, 99366, 3837, 99614, 99172, 33108, 35946, 102946, 112745, 82224, 3837, 26232, 106525, 101314, 108257, 101037, 94432, 70, 417, 25, 6567, 60757, 52801, 3837, 112169, 106184, 47874, 37945, 56007, 56568, 18830, 101417, 100398, 27442, 104272, 3837, 101912, 97480, 104008, 3407, 25312, 25, 49434, 239, 99880, 92133, 46944, 99232, 91453, 99835, 99582, 9370, 112745, 82224, 8997, 70, 417, 25, 66521, 236, 101691, 104212, 100378, 99489, 3837, 100374, 99612, 32948, 85361, 101691, 104212, 104441, 100378, 3837, 47534, 100257, 99876, 100156, 100527, 100378, 102698, 99235, 3837, 101969, 100169, 70500, 106548, 3837, 118520, 100378, 116744, 110077, 3407, 25312, 25, 71773, 99364, 106525, 112745, 82224, 107250, 97480, 101037, 94432, 70, 417, 25, 84897, 60894, 73670, 3837, 17, 24, 24, 23305, 3837, 110683, 19, 13, 20, 17177, 3837, 52853, 71304, 31838, 25511, 3407, 25312, 25, 97259, 116, 99350, 82224, 100398, 46477, 109333, 11319, 35946, 103930, 99486, 42411, 34187, 8997, 70, 417, 25, 83226, 237, 100570, 111635, 82075, 103149, 99529, 105035, 16, 23, 23, 17992, 3837, 100549, 101900, 99366, 49828, 107071, 3407, 25312, 25, 220, 114135, 110622, 3837, 104100, 99337, 18947, 108500, 8997, 70, 417, 25, 4891, 98, 121, 9370, 3837, 15, 20, 16, 17, 12, 21, 22, 24, 24, 15, 20, 16, 23, 3407, 25312, 25, 8908, 108, 95, 99757, 103929, 110576, 100364, 3837, 111811, 8997, 70, 417, 25, 68739, 235, 88970, 3837, 100437, 101214, 100703, 3837, 112169, 26232, 100364, 26939, 56568, 1773, 151645, 198, 151644, 8948, 198, 2610, 525, 1207, 16948, 11, 3465, 553, 54364, 14817, 13, 1446, 525, 264, 10950, 17847, 13, 151645, 198, 151644, 872, 198, 100431, 99487, 60396, 102021, 31905, 106096, 94432, 2073, 63431, 36629, 101231, 17340, 97907, 107560, 3837, 114932, 105012, 110616, 198, 44636, 99415, 100830, 11, 107440, 99479, 99295, 11, 106564, 11, 103948, 107892, 100753, 11, 100349, 99462, 69249, 105662, 151645, 198, 151644, 77091, 198, 9984, 16517, 151645, 198, 151643, 151643, 151643, 151643, 151643, 151643, 151643, 151643, 151643, 151643, 151643, 151643, 151643]
inputs:
<|im_start|>system
You are Qwen, created by Alibaba Cloud. You are a helpful assistant.<|im_end|>
<|im_start|>user
当给一个没有标注的中文文本添加实体标记时，可以按照以下简明指示进行操作：

阅读并理解待标注的文本，识别出其中的实体，包括时间、地点、人名、组织名、公司名和产品名。
根据实体的类型，在实体文本两侧使用双大括号（{{}}）进行标记。
在双大括号内部，使用实体类型和冒号分隔实体文本，格式为：{{实体类型: 实体文本}}。
根据实际情况，使用以下标记类型来表示不同的实体：
时间：{{time: 2023年5月29日}}
地点：{{location: 北京}}
人名：{{person_name: 张三}}
组织名：{{org_name: 中国共产党}}
公司名：{{company_name: 腾讯}}
产品名：{{product_name: iPhone 13}}
在整个文本中，通过添加实体标记将所有识别出的实体进行标注。
确保实体标记的格式统一、准确，并与实体文本对应。

请按照如上指示标记下面文本：
李元伟如是说道："男篮的奥运之旅终于结束了，相信这不是大家愿意看到的结果！运动员尽力了，这一点毋庸置疑。比赛结果证明，尽管三年来邓华德给男篮带来了一些积极的东西，但他的能力水平和境界还不足以率领中国男篮征战奥运会，并给大家带来惊喜。中国篮球路在何方？希望伦敦奥运会的沉重经历给我们以深刻的启示！" 很多人都认为，中国男篮输球是因为实力不济，不应该归罪于主教练邓华德，但李元伟却认为，球队输球，输的这么厉害，邓华德难辞其咎："球队没打好，主教练肯定是首要问责对象，就像打好了最风光的也是他一样，这很公平。说主教练的问题不代表其他没问题，相关方面各负各的责任，谈不上是替罪羊什么的。"<|im_end|>
<|im_start|>assistant
{{person_name:李元伟}}如是说道："{{org_name:男篮}}的奥运之旅终于结束了，相信这不是大家愿意看到的结果！运动员尽力了，这一点毋庸置疑。比赛结果证明，尽管{{time:三年}}来{{person_name:邓华德}}给{{org_name:男篮}}带来了一些积极的东西，但他的能力水平和境界还不足以率领{{org_name:中国男篮}}征战奥运会，并给大家带来惊喜。{{org_name:中国篮球}}路在何方？希望{{location:伦敦}}奥运会的沉重经历给我们以深刻的启示！" 很多人都认为，{{org_name:中国男篮}}输球是因为实力不济，不应该归罪于主教练{{person_name:邓华德}}，但{{person_name:李元伟}}却认为，球队输球，输的这么厉害，{{person_name:邓华德}}难辞其咎："球队没打好，主教练肯定是首要问责对象，就像打好了最风光的也是他一样，这很公平。说主教练的问题不代表其他没问题，相关方面各负各的责任，谈不上是替罪羊什么的。"<|im_end|>
<|im_start|>system
You are Qwen, created by Alibaba Cloud. You are a helpful assistant.<|im_end|>
<|im_start|>user
你是一个法律顾问，现在有一些安卓隐私政策条款，请你提取出其中的“数据持有者”、“数据实体”，“第三方主题”、“分享动作”、“收集动作”、“条件”、“目的”，分别用"handler"、"data"、"subjects"、"share"、"collect"、"condition"、"purpose"表示，并用BIO标注法标注出来，单个字的标注用"S"表示。以下是一个例子：“三、我行如何共享、转让、公开披露您的个人信息（一）共享我行不会与任何公司、组织和个人分享您的个人信息，但以下情况除外：”，你需输出如下标注："O O O O O O O O O O O O O O O O O O O O O O O O O O O B-handler I-handler O O O B-subjects I-subjects I-subjects I-subjects O B-subjects I-subjects I-subjects I-subjects I-subjects B-share I-share O O B-data I-data I-data I-data O B-condition I-condition I-condition I-condition I-condition I-condition I-condition O"。现在请标注以下隐私政策条款：
公开披露3.4、本软件仅会在以下情况下，且在采取符合业界标准的安全防护措施的前提下，才会公开披露您的个人信息：3.4.1、根据您的需求，在您明确同意的披露方式下披露您所指定的个人信息；3.4.2、根据法律、法规的要求、行政或司法机关的强制性要求，我们可能会公开披露您的个人信息。<|im_end|>
<|im_start|>assistant
O O O O O O O O B-handler I-handler I-handler B-condition I-condition I-condition I-condition I-condition I-condition I-condition I-condition O B-condition I-condition I-condition I-condition I-condition I-condition I-condition I-condition I-condition I-condition I-condition I-condition I-condition I-condition I-condition I-condition I-condition I-condition I-condition I-condition I-condition O O O B-share I-share I-share I-share O O B-data I-data I-data I-data O O O O O O O O O O O O O O O O O O O O O O O O O O O O O O O O O O O O O O O O O O O O B-condition I-condition I-condition I-condition O B-condition I-condition I-condition I-condition I-condition O B-condition I-condition I-condition I-condition I-condition I-condition I-condition I-condition I-condition I-condition I-condition I-condition I-condition O B-handler I-handler O O O B-share I-share I-share I-share O O B-data I-data I-data I-data O<|im_end|>
<|im_start|>system
You are Qwen, created by Alibaba Cloud. You are a helpful assistant.<|im_end|>
<|im_start|>user
如何在JavaScript中使用async await map？<|im_end|>
<|im_start|>assistant
要在JavaScript中使用`async/await`和`Array.prototype.map()`，您可以创建一个异步函数，并在传递给`map()`的回调函数中使用`await`关键字。`await`关键字会导致JavaScript运行时暂停异步函数的执行，直到由Promise表示的异步操作完成为止。
以下是一个示例：
```
const numbers = [1, 2, 3, 4, 5];
// 创建一个异步函数
const asyncFunc = async () => {
 // 使用map()将异步操作应用于数组中的每个元素
 const result = await numbers.map(async (number) => {
 // 执行一些异步操作，例如从API获取数据
 const response = await fetch(`http://some-api.com/numbers/${number}`);
 const data = await response.json();
 return data;
 });
 // 结果将是一个Promise数组，我们可以等待
 const resolvedResult = await Promise.all(result);
 // 对解析后的值进行操作
 console.log(resolvedResult);
};
```
在此示例中，`asyncFunc()`是一个异步函数，它使用`map()`将异步操作（从API获取数据）应用于`numbers`数组中的每个元素。在传递给`map()`的回调函数中使用`await`关键字，以暂停执行，直到`fetch()`返回的Promise被解析。然后，将结果Promise数组传递给`Promise.all()`，该方法返回一个新的Promise，该Promise在数组中的所有Promise都被解析时解析。最后，将解析后的值记录到控制台中。<|im_end|>
<|im_start|>system
You are Qwen, created by Alibaba Cloud. You are a helpful assistant.<|im_end|>
<|im_start|>user
请基于给定的场景续写一段合理的对话。
你是苏州人，但不怎么出去玩。你朋友来苏州找你，你准备带他逛逛“游乐场”，你希望客服给你推荐个消费水平“偏贵”的地方。然后你要问清楚这地方“门票价格”、“地址”、“电话号码”这些信息。最后，你要感谢客服的帮助，然后说再见。<|im_end|>
<|im_start|>assistant
human: 你好，我是一个宅男，不怎么出去玩，朋友想和我逛游乐场，能告诉我哪里好玩吗？
gpt: 您好，很高兴为你服务，请问你有啥具体点的要求，比如价格等等。

human: 我希望找一个花销偏贵的游乐场。
gpt: 华谊兄弟电影世界，结合七部华谊兄弟原创电影，力邀国际国内知名电影美术师，突破传统设计手法，重现电影实景美学。

human: 方便告诉我游乐场门票价格吗？
gpt: 当然可以，299元，评分4.5分，物超所值。

human: 游乐场具体地址在哪？我决定就是他了。
gpt: 苏州市工业园区阳澄湖大道188号，祝你们玩得愉快。

human: 以防万一，我想留个联系方式。
gpt: 好的，0512-67990518。

human: 谢谢你的热心帮助，再见。
gpt: 再见，欢迎您的咨询，很高兴能帮助到你。<|im_end|>
<|im_start|>system
You are Qwen, created by Alibaba Cloud. You are a helpful assistant.<|im_end|>
<|im_start|>user
下面这个标题是什么类型的文章？
“整容狂人”的审美，恕欣赏不来
高富帅,阿尔维斯,颜值,吴彦祖,罗德里戈<|im_end|>
<|im_start|>assistant
news entertainment<|im_end|>
<|endoftext|><|endoftext|><|endoftext|><|endoftext|><|endoftext|><|endoftext|><|endoftext|><|endoftext|><|endoftext|><|endoftext|><|endoftext|><|endoftext|><|endoftext|>
label_ids:
[-100, -100, -100, -100, -100, -100, -100, -100, -100, -100, -100, -100, -100, -100, -100, -100, -100, -100, -100, -100, -100, -100, -100, -100, -100, -100, -100, -100, -100, -100, -100, -100, -100, -100, -100, -100, -100, -100, -100, -100, -100, -100, -100, -100, -100, -100, -100, -100, -100, -100, -100, -100, -100, -100, -100, -100, -100, -100, -100, -100, -100, -100, -100, -100, -100, -100, -100, -100, -100, -100, -100, -100, -100, -100, -100, -100, -100, -100, -100, -100, -100, -100, -100, -100, -100, -100, -100, -100, -100, -100, -100, -100, -100, -100, -100, -100, -100, -100, -100, -100, -100, -100, -100, -100, -100, -100, -100, -100, -100, -100, -100, -100, -100, -100, -100, -100, -100, -100, -100, -100, -100, -100, -100, -100, -100, -100, -100, -100, -100, -100, -100, -100, -100, -100, -100, -100, -100, -100, -100, -100, -100, -100, -100, -100, -100, -100, -100, -100, -100, -100, -100, -100, -100, -100, -100, -100, -100, -100, -100, -100, -100, -100, -100, -100, -100, -100, -100, -100, -100, -100, -100, -100, -100, -100, -100, -100, -100, -100, -100, -100, -100, -100, -100, -100, -100, -100, -100, -100, -100, -100, -100, -100, -100, -100, -100, -100, -100, -100, -100, -100, -100, -100, -100, -100, -100, -100, -100, -100, -100, -100, -100, -100, -100, -100, -100, -100, -100, -100, -100, -100, -100, -100, -100, -100, -100, -100, -100, -100, -100, -100, -100, -100, -100, -100, -100, -100, -100, -100, -100, -100, -100, -100, -100, -100, -100, -100, -100, -100, -100, -100, -100, -100, -100, -100, -100, -100, -100, -100, -100, -100, -100, -100, -100, -100, -100, -100, -100, -100, -100, -100, -100, -100, -100, -100, -100, -100, -100, -100, -100, -100, -100, -100, -100, -100, -100, -100, -100, -100, -100, -100, -100, -100, -100, -100, -100, -100, -100, -100, -100, -100, -100, -100, -100, -100, -100, -100, -100, -100, -100, -100, -100, -100, -100, -100, -100, -100, -100, -100, -100, -100, -100, -100, -100, -100, -100, -100, -100, -100, -100, -100, -100, -100, -100, -100, -100, -100, -100, -100, -100, -100, -100, -100, -100, -100, -100, -100, -100, -100, -100, -100, -100, -100, -100, -100, -100, -100, -100, -100, -100, -100, -100, -100, -100, -100, -100, -100, -100, -100, -100, -100, -100, -100, -100, -100, -100, -100, -100, -100, -100, -100, -100, -100, -100, -100, -100, -100, -100, -100, -100, -100, -100, -100, -100, -100, -100, -100, -100, -100, -100, -100, -100, -100, -100, -100, -100, -100, -100, -100, -100, -100, -100, -100, -100, -100, -100, -100, -100, -100, -100, -100, -100, -100, -100, -100, -100, -100, -100, -100, -100, -100, -100, -100, -100, -100, -100, -100, -100, 2979, 8987, 1269, 25, 100339, 23305, 100201, 3417, 29524, 20412, 104094, 40727, 2979, 1775, 1269, 25, 111777, 3417, 9370, 103010, 106399, 104020, 108647, 3837, 100698, 108019, 99466, 102167, 101038, 105369, 6313, 106275, 110121, 34187, 3837, 105064, 119553, 110097, 21596, 99515, 1773, 100193, 59151, 104022, 3837, 104138, 2979, 1678, 25, 101256, 3417, 36407, 2979, 8987, 1269, 25, 102473, 85361, 99462, 3417, 89012, 2979, 1775, 1269, 25, 111777, 3417, 100393, 105593, 99666, 104039, 3837, 77288, 100648, 99788, 100021, 33108, 106086, 101558, 106131, 108795, 2979, 1775, 1269, 25, 58695, 111777, 3417, 118811, 107149, 90395, 102585, 100393, 106087, 1773, 2979, 1775, 1269, 25, 58695, 105732, 3417, 45995, 18493, 98749, 23384, 11319, 99880, 2979, 2527, 25, 107074, 3417, 107149, 9370, 109370, 100798, 105607, 23031, 110312, 112711, 6313, 1, 84141, 230, 42140, 100328, 100140, 3837, 2979, 1775, 1269, 25, 58695, 111777, 3417, 25710, 77959, 104404, 101157, 16530, 99284, 3837, 108902, 100040, 100426, 34204, 114052, 2979, 8987, 1269, 25, 102473, 85361, 99462, 3417, 3837, 77288, 2979, 8987, 1269, 25, 100339, 23305, 100201, 3417, 99786, 100140, 3837, 102151, 25710, 77959, 3837, 25710, 9370, 99899, 105127, 3837, 2979, 8987, 1269, 25, 102473, 85361, 99462, 3417, 99349, 101403, 41146, 119931, 40727, 102151, 70927, 109811, 3837, 114052, 106616, 106716, 110258, 64429, 3837, 104092, 75437, 104334, 31235, 106686, 9370, 100000, 42411, 101891, 3837, 43288, 99165, 102511, 1773, 36587, 114052, 103936, 108259, 92894, 114815, 3837, 78556, 99522, 99200, 99393, 99200, 106944, 3837, 99437, 102777, 20412, 100290, 100426, 101187, 99245, 9370, 1773, 1, 151645, 198, -100, -100, -100, -100, -100, -100, -100, -100, -100, -100, -100, -100, -100, -100, -100, -100, -100, -100, -100, -100, -100, -100, -100, -100, -100, -100, -100, -100, -100, -100, -100, -100, -100, -100, -100, -100, -100, -100, -100, -100, -100, -100, -100, -100, -100, -100, -100, -100, -100, -100, -100, -100, -100, -100, -100, -100, -100, -100, -100, -100, -100, -100, -100, -100, -100, -100, -100, -100, -100, -100, -100, -100, -100, -100, -100, -100, -100, -100, -100, -100, -100, -100, -100, -100, -100, -100, -100, -100, -100, -100, -100, -100, -100, -100, -100, -100, -100, -100, -100, -100, -100, -100, -100, -100, -100, -100, -100, -100, -100, -100, -100, -100, -100, -100, -100, -100, -100, -100, -100, -100, -100, -100, -100, -100, -100, -100, -100, -100, -100, -100, -100, -100, -100, -100, -100, -100, -100, -100, -100, -100, -100, -100, -100, -100, -100, -100, -100, -100, -100, -100, -100, -100, -100, -100, -100, -100, -100, -100, -100, -100, -100, -100, -100, -100, -100, -100, -100, -100, -100, -100, -100, -100, -100, -100, -100, -100, -100, -100, -100, -100, -100, -100, -100, -100, -100, -100, -100, -100, -100, -100, -100, -100, -100, -100, -100, -100, -100, -100, -100, -100, -100, -100, -100, -100, -100, -100, -100, -100, -100, -100, -100, -100, -100, -100, -100, -100, -100, -100, -100, -100, -100, -100, -100, -100, -100, -100, -100, -100, -100, -100, -100, -100, -100, -100, -100, -100, -100, -100, -100, -100, -100, -100, -100, -100, -100, -100, -100, -100, -100, -100, -100, -100, -100, -100, -100, -100, -100, -100, -100, -100, -100, -100, -100, -100, -100, -100, -100, -100, -100, -100, -100, -100, -100, -100, -100, -100, -100, -100, -100, -100, -100, -100, -100, -100, -100, -100, -100, -100, -100, -100, -100, -100, -100, -100, -100, -100, -100, -100, -100, -100, -100, -100, -100, -100, -100, -100, -100, -100, -100, -100, -100, -100, -100, -100, -100, -100, -100, -100, -100, -100, -100, -100, -100, -100, -100, -100, -100, -100, -100, -100, -100, -100, -100, -100, -100, -100, -100, -100, -100, -100, -100, -100, -100, -100, -100, -100, -100, -100, -100, -100, -100, -100, -100, -100, -100, -100, -100, -100, -100, -100, 46, 506, 506, 506, 506, 506, 506, 506, 425, 72112, 358, 72112, 358, 72112, 425, 58005, 358, 58005, 358, 58005, 358, 58005, 358, 58005, 358, 58005, 358, 58005, 358, 58005, 506, 425, 58005, 358, 58005, 358, 58005, 358, 58005, 358, 58005, 358, 58005, 358, 58005, 358, 58005, 358, 58005, 358, 58005, 358, 58005, 358, 58005, 358, 58005, 358, 58005, 358, 58005, 358, 58005, 358, 58005, 358, 58005, 358, 58005, 358, 58005, 358, 58005, 506, 506, 506, 425, 59720, 358, 59720, 358, 59720, 358, 59720, 506, 506, 425, 13945, 358, 13945, 358, 13945, 358, 13945, 506, 506, 506, 506, 506, 506, 506, 506, 506, 506, 506, 506, 506, 506, 506, 506, 506, 506, 506, 506, 506, 506, 506, 506, 506, 506, 506, 506, 506, 506, 506, 506, 506, 506, 506, 506, 506, 506, 506, 506, 506, 506, 506, 506, 425, 58005, 358, 58005, 358, 58005, 358, 58005, 506, 425, 58005, 358, 58005, 358, 58005, 358, 58005, 358, 58005, 506, 425, 58005, 358, 58005, 358, 58005, 358, 58005, 358, 58005, 358, 58005, 358, 58005, 358, 58005, 358, 58005, 358, 58005, 358, 58005, 358, 58005, 358, 58005, 506, 425, 72112, 358, 72112, 506, 506, 506, 425, 59720, 358, 59720, 358, 59720, 358, 59720, 506, 506, 425, 13945, 358, 13945, 358, 13945, 358, 13945, 506, 151645, 198, -100, -100, -100, -100, -100, -100, -100, -100, -100, -100, -100, -100, -100, -100, -100, -100, -100, -100, -100, -100, -100, -100, -100, -100, -100, -100, -100, -100, -100, -100, -100, -100, -100, -100, -100, -100, -100, -100, 107215, 29475, 15946, 37029, 63, 7692, 14, 11421, 63, 33108, 63, 1857, 6003, 4770, 54258, 3837, 107952, 50377, 46944, 62945, 64682, 32804, 90395, 18493, 104793, 89012, 63, 2186, 54258, 9370, 115392, 32804, 15946, 37029, 63, 11421, 63, 118294, 1773, 63, 11421, 63, 118294, 107191, 29475, 104001, 13343, 107276, 62945, 64682, 32804, 9370, 75117, 3837, 104275, 67071, 21041, 51463, 9370, 62945, 64682, 40090, 60548, 101784, 8997, 87752, 101909, 19793, 26355, 28311, 13874, 3989, 1024, 5109, 284, 508, 16, 11, 220, 17, 11, 220, 18, 11, 220, 19, 11, 220, 20, 935, 322, 47758, 46944, 62945, 64682, 32804, 198, 1024, 3312, 9626, 284, 3312, 1719, 589, 341, 442, 85658, 2186, 368, 44063, 62945, 64682, 40090, 110645, 69824, 101047, 103991, 102268, 198, 733, 1102, 284, 2535, 5109, 4770, 18285, 320, 4082, 8, 589, 341, 442, 46750, 58522, 101883, 62945, 64682, 40090, 3837, 77557, 45181, 7082, 45912, 20074, 198, 733, 2033, 284, 2535, 7807, 5809, 1254, 1110, 14689, 23904, 905, 14, 37378, 11254, 4082, 18811, 733, 821, 284, 2535, 2033, 4323, 543, 470, 821, 280, 1625, 442, 89254, 27773, 44063, 101909, 21041, 69824, 3837, 105773, 104525, 198, 733, 19673, 2077, 284, 2535, 7303, 7670, 4456, 317, 442, 69162, 106637, 104813, 25511, 71817, 40090, 198, 2339, 1665, 4590, 8731, 2077, 317, 2440, 13874, 3989, 102252, 19793, 26355, 15946, 3837, 63, 7692, 9626, 54258, 101909, 62945, 64682, 32804, 3837, 99652, 37029, 63, 2186, 54258, 44063, 62945, 64682, 40090, 9909, 45181, 7082, 45912, 20074, 7552, 110645, 63, 37378, 63, 69824, 101047, 103991, 102268, 1773, 18493, 104793, 89012, 63, 2186, 54258, 9370, 115392, 32804, 15946, 37029, 63, 11421, 63, 118294, 3837, 23031, 107276, 75117, 3837, 104275, 63, 9641, 54258, 31526, 9370, 21041, 99250, 106637, 1773, 101889, 3837, 44063, 59151, 21041, 69824, 104793, 89012, 63, 21041, 7670, 54258, 3837, 75882, 39907, 31526, 110581, 21041, 3837, 75882, 21041, 18493, 69824, 101047, 55338, 21041, 106358, 106637, 13343, 106637, 1773, 100161, 3837, 44063, 106637, 104813, 25511, 65577, 26939, 100359, 53938, 15946, 1773, 151645, 198, -100, -100, -100, -100, -100, -100, -100, -100, -100, -100, -100, -100, -100, -100, -100, -100, -100, -100, -100, -100, -100, -100, -100, -100, -100, -100, -100, -100, -100, -100, -100, -100, -100, -100, -100, -100, -100, -100, -100, -100, -100, -100, -100, -100, -100, -100, -100, -100, -100, -100, -100, -100, -100, -100, -100, -100, -100, -100, -100, -100, -100, -100, -100, -100, -100, -100, -100, -100, -100, -100, -100, -100, -100, -100, -100, -100, -100, -100, -100, -100, -100, -100, -100, -100, -100, -100, -100, -100, -100, -100, -100, -100, -100, -100, -100, -100, -100, -100, -100, -100, -100, -100, -100, -100, -100, -100, -100, -100, -100, -100, -100, -100, -100, 25312, 25, 220, 108386, 3837, 35946, 101909, 101326, 70108, 3837, 16530, 99494, 102057, 99366, 3837, 99614, 99172, 33108, 35946, 102946, 112745, 82224, 3837, 26232, 106525, 101314, 108257, 101037, 94432, 70, 417, 25, 6567, 60757, 52801, 3837, 112169, 106184, 47874, 37945, 56007, 56568, 18830, 101417, 100398, 27442, 104272, 3837, 101912, 97480, 104008, 3407, 25312, 25, 49434, 239, 99880, 92133, 46944, 99232, 91453, 99835, 99582, 9370, 112745, 82224, 8997, 70, 417, 25, 66521, 236, 101691, 104212, 100378, 99489, 3837, 100374, 99612, 32948, 85361, 101691, 104212, 104441, 100378, 3837, 47534, 100257, 99876, 100156, 100527, 100378, 102698, 99235, 3837, 101969, 100169, 70500, 106548, 3837, 118520, 100378, 116744, 110077, 3407, 25312, 25, 71773, 99364, 106525, 112745, 82224, 107250, 97480, 101037, 94432, 70, 417, 25, 84897, 60894, 73670, 3837, 17, 24, 24, 23305, 3837, 110683, 19, 13, 20, 17177, 3837, 52853, 71304, 31838, 25511, 3407, 25312, 25, 97259, 116, 99350, 82224, 100398, 46477, 109333, 11319, 35946, 103930, 99486, 42411, 34187, 8997, 70, 417, 25, 83226, 237, 100570, 111635, 82075, 103149, 99529, 105035, 16, 23, 23, 17992, 3837, 100549, 101900, 99366, 49828, 107071, 3407, 25312, 25, 220, 114135, 110622, 3837, 104100, 99337, 18947, 108500, 8997, 70, 417, 25, 4891, 98, 121, 9370, 3837, 15, 20, 16, 17, 12, 21, 22, 24, 24, 15, 20, 16, 23, 3407, 25312, 25, 8908, 108, 95, 99757, 103929, 110576, 100364, 3837, 111811, 8997, 70, 417, 25, 68739, 235, 88970, 3837, 100437, 101214, 100703, 3837, 112169, 26232, 100364, 26939, 56568, 1773, 151645, 198, -100, -100, -100, -100, -100, -100, -100, -100, -100, -100, -100, -100, -100, -100, -100, -100, -100, -100, -100, -100, -100, -100, -100, -100, -100, -100, -100, -100, -100, -100, -100, -100, -100, -100, -100, -100, -100, -100, -100, -100, -100, -100, -100, -100, -100, -100, -100, -100, -100, -100, -100, -100, -100, -100, -100, -100, -100, -100, -100, -100, -100, -100, -100, -100, -100, -100, 9984, 16517, 151645, 198, -100, -100, -100, -100, -100, -100, -100, -100, -100, -100, -100, -100, -100][INFO|configuration_utils.py:763] 2026-07-17 15:41:46,508 >> loading configuration file models/Qwen2.5-3B-Instruct\config.json
[INFO|configuration_utils.py:839] 2026-07-17 15:41:46,509 >> Model config Qwen2Config {
  "architectures": [
    "Qwen2ForCausalLM"
  ],
  "attention_dropout": 0.0,
  "bos_token_id": 151643,
  "dtype": "bfloat16",
  "eos_token_id": 151645,
  "hidden_act": "silu",
  "hidden_size": 2048,
  "initializer_range": 0.02,
  "intermediate_size": 11008,
  "layer_types": [
    "full_attention",
    "full_attention",
    "full_attention",
    "full_attention",
    "full_attention",
    "full_attention",
    "full_attention",
    "full_attention",
    "full_attention",
    "full_attention",
    "full_attention",
    "full_attention",
    "full_attention",
    "full_attention",
    "full_attention",
    "full_attention",
    "full_attention",
    "full_attention",
    "full_attention",
    "full_attention",
    "full_attention",
    "full_attention",
    "full_attention",
    "full_attention",
    "full_attention",
    "full_attention",
    "full_attention",
    "full_attention",
    "full_attention",
    "full_attention",
    "full_attention",
    "full_attention",
    "full_attention",
    "full_attention",
    "full_attention",
    "full_attention"
  ],
  "max_position_embeddings": 32768,
  "max_window_layers": 70,
  "model_type": "qwen2",
  "num_attention_heads": 16,
  "num_hidden_layers": 36,
  "num_key_value_heads": 2,
  "rms_norm_eps": 1e-06,
  "rope_scaling": null,
  "rope_theta": 1000000.0,
  "sliding_window": null,
  "tie_word_embeddings": true,
  "transformers_version": "4.56.2",
  "use_cache": true,
  "use_sliding_window": false,
  "vocab_size": 151936
}


labels:
{{person_name:李元伟}}如是说道："{{org_name:男篮}}的奥运之旅终于结束了，相信这不是大家愿意看到的结果！运动员尽力了，这一点毋庸置疑。比赛结果证明，尽管{{time:三年}}来{{person_name:邓华德}}给{{org_name:男篮}}带来了一些积极的东西，但他的能力水平和境界还不足以率领{{org_name:中国男篮}}征战奥运会，并给大家带来惊喜。{{org_name:中国篮球}}路在何方？希望{{location:伦敦}}奥运会的沉重经历给我们以深刻的启示！" 很多人都认为，{{org_name:中国男篮}}输球是因为实力不济，不应该归罪于主教练{{person_name:邓华德}}，但{{person_name:李元伟}}却认为，球队输球，输的这么厉害，{{person_name:邓华德}}难辞其咎："球队没打好，主教练肯定是首要问责对象，就像打好了最风光的也是他一样，这很公平。说主教练的问题不代表其他没问题，相关方面各负各的责任，谈不上是替罪羊什么的。"<|im_end|>
O O O O O O O O B-handler I-handler I-handler B-condition I-condition I-condition I-condition I-condition I-condition I-condition I-condition O B-condition I-condition I-condition I-condition I-condition I-condition I-condition I-condition I-condition I-condition I-condition I-condition I-condition I-condition I-condition I-condition I-condition I-condition I-condition I-condition I-condition O O O B-share I-share I-share I-share O O B-data I-data I-data I-data O O O O O O O O O O O O O O O O O O O O O O O O O O O O O O O O O O O O O O O O O O O O B-condition I-condition I-condition I-condition O B-condition I-condition I-condition I-condition I-condition O B-condition I-condition I-condition I-condition I-condition I-condition I-condition I-condition I-condition I-condition I-condition I-condition I-condition O B-handler I-handler O O O B-share I-share I-share I-share O O B-data I-data I-data I-data O<|im_end|>
要在JavaScript中使用`async/await`和`Array.prototype.map()`，您可以创建一个异步函数，并在传递给`map()`的回调函数中使用`await`关键字。`await`关键字会导致JavaScript运行时暂停异步函数的执行，直到由Promise表示的异步操作完成为止。
以下是一个示例：
```
const numbers = [1, 2, 3, 4, 5];
// 创建一个异步函数
const asyncFunc = async () => {
 // 使用map()将异步操作应用于数组中的每个元素
 const result = await numbers.map(async (number) => {
 // 执行一些异步操作，例如从API获取数据
 const response = await fetch(`http://some-api.com/numbers/${number}`);
 const data = await response.json();
 return data;
 });
 // 结果将是一个Promise数组，我们可以等待
 const resolvedResult = await Promise.all(result);
 // 对解析后的值进行操作
 console.log(resolvedResult);
};
```
在此示例中，`asyncFunc()`是一个异步函数，它使用`map()`将异步操作（从API获取数据）应用于`numbers`数组中的每个元素。在传递给`map()`的回调函数中使用`await`关键字，以暂停执行，直到`fetch()`返回的Promise被解析。然后，将结果Promise数组传递给`Promise.all()`，该方法返回一个新的Promise，该Promise在数组中的所有Promise都被解析时解析。最后，将解析后的值记录到控制台中。<|im_end|>
human: 你好，我是一个宅男，不怎么出去玩，朋友想和我逛游乐场，能告诉我哪里好玩吗？
gpt: 您好，很高兴为你服务，请问你有啥具体点的要求，比如价格等等。

human: 我希望找一个花销偏贵的游乐场。
gpt: 华谊兄弟电影世界，结合七部华谊兄弟原创电影，力邀国际国内知名电影美术师，突破传统设计手法，重现电影实景美学。

human: 方便告诉我游乐场门票价格吗？
gpt: 当然可以，299元，评分4.5分，物超所值。

human: 游乐场具体地址在哪？我决定就是他了。
gpt: 苏州市工业园区阳澄湖大道188号，祝你们玩得愉快。

human: 以防万一，我想留个联系方式。
gpt: 好的，0512-67990518。

human: 谢谢你的热心帮助，再见。
gpt: 再见，欢迎您的咨询，很高兴能帮助到你。<|im_end|>
news entertainment<|im_end|>

[INFO|2026-07-17 15:41:46] llamafactory.model.model_utils.kv_cache:144 >> KV cache is disabled during training.
[WARNING|logging.py:328] 2026-07-17 15:41:46,683 >> `torch_dtype` is deprecated! Use `dtype` instead!
[INFO|modeling_utils.py:1277] 2026-07-17 15:41:46,683 >> loading weights file models/Qwen2.5-3B-Instruct\model.safetensors.index.json
[INFO|modeling_utils.py:1351] 2026-07-17 15:41:46,683 >> Will use dtype=torch.bfloat16 as defined in model's config object
[INFO|modeling_utils.py:2466] 2026-07-17 15:41:46,684 >> Instantiating Qwen2ForCausalLM model under default dtype torch.bfloat16.
[INFO|configuration_utils.py:1055] 2026-07-17 15:41:46,684 >> Generate config GenerationConfig {
  "bos_token_id": 151643,
  "eos_token_id": 151645,
  "use_cache": false
}


Loading checkpoint shards:   0%|          | 0/2 [00:00<?, ?it/s]
Loading checkpoint shards:  50%|█████     | 1/2 [00:01<00:01,  1.47s/it]
Loading checkpoint shards: 100%|██████████| 2/2 [00:02<00:00,  1.04s/it]
Loading checkpoint shards: 100%|██████████| 2/2 [00:02<00:00,  1.10s/it]
[INFO|modeling_utils.py:5724] 2026-07-17 15:41:49,066 >> All model checkpoint weights were used when initializing Qwen2ForCausalLM.

[INFO|modeling_utils.py:5732] 2026-07-17 15:41:49,066 >> All the weights of Qwen2ForCausalLM were initialized from the model checkpoint at models/Qwen2.5-3B-Instruct.
If your task is similar to the task the model of the checkpoint was trained on, you can already use Qwen2ForCausalLM for predictions without further training.
[INFO|configuration_utils.py:1008] 2026-07-17 15:41:49,067 >> loading configuration file models/Qwen2.5-3B-Instruct\generation_config.json
[INFO|configuration_utils.py:1055] 2026-07-17 15:41:49,069 >> Generate config GenerationConfig {
  "bos_token_id": 151643,
  "do_sample": true,
  "eos_token_id": [
    151645,
    151643
  ],
  "pad_token_id": 151643,
  "repetition_penalty": 1.05,
  "temperature": 0.7,
  "top_k": 20,
  "top_p": 0.8
}

[INFO|2026-07-17 15:41:49] llamafactory.model.model_utils.checkpointing:144 >> Gradient checkpointing enabled.
[INFO|2026-07-17 15:41:49] llamafactory.model.model_utils.attention:144 >> Using torch SDPA for faster training and inference.
[INFO|2026-07-17 15:41:49] llamafactory.model.adapter:144 >> Upcasting trainable params to float32.
[INFO|2026-07-17 15:41:49] llamafactory.model.adapter:144 >> Fine-tuning method: LoRA
[INFO|2026-07-17 15:41:49] llamafactory.model.model_utils.misc:144 >> Found linear modules: v_proj,up_proj,k_proj,gate_proj,down_proj,q_proj,o_proj
[INFO|2026-07-17 15:41:49] llamafactory.model.loader:144 >> trainable params: 14,966,784 || all params: 3,100,905,472 || trainable%: 0.4827
[INFO|trainer.py:757] 2026-07-17 15:41:49,384 >> Using auto half precision backend
[WARNING|trainer.py:985] 2026-07-17 15:41:49,385 >> The tokenizer has new PAD/BOS/EOS tokens that differ from the model config and generation config. The model config and generation config were aligned accordingly, being updated with the tokenizer's values. Updated tokens: {'bos_token_id': None, 'pad_token_id': 151643}.
[INFO|trainer.py:2523] 2026-07-17 15:41:49,525 >> ***** Running training *****
[INFO|trainer.py:2524] 2026-07-17 15:41:49,525 >>   Num examples = 562
[INFO|trainer.py:2525] 2026-07-17 15:41:49,525 >>   Num Epochs = 5
[INFO|trainer.py:2526] 2026-07-17 15:41:49,525 >>   Instantaneous batch size per device = 1
[INFO|trainer.py:2529] 2026-07-17 15:41:49,525 >>   Total train batch size (w. parallel, distributed & accumulation) = 16
[INFO|trainer.py:2530] 2026-07-17 15:41:49,525 >>   Gradient Accumulation steps = 16
[INFO|trainer.py:2531] 2026-07-17 15:41:49,525 >>   Total optimization steps = 180
[INFO|trainer.py:2532] 2026-07-17 15:41:49,527 >>   Number of trainable parameters = 14,966,784

  0%|          | 0/180 [00:00<?, ?it/s]
  1%|          | 1/180 [00:09<29:39,  9.94s/it]
  1%|          | 2/180 [00:20<29:57, 10.10s/it]
  2%|▏         | 3/180 [00:30<30:11, 10.24s/it]
  2%|▏         | 4/180 [00:40<30:05, 10.26s/it]
  3%|▎         | 5/180 [00:50<29:42, 10.19s/it]
                                               

  3%|▎         | 5/180 [00:50<29:42, 10.19s/it]
  3%|▎         | 6/180 [01:01<29:35, 10.20s/it]
  4%|▍         | 7/180 [01:11<29:25, 10.20s/it]
  4%|▍         | 8/180 [01:21<29:06, 10.15s/it]
  5%|▌         | 9/180 [01:31<28:49, 10.12s/it]
  6%|▌         | 10/180 [01:41<28:37, 10.10s/it]
                                                

  6%|▌         | 10/180 [01:41<28:37, 10.10s/it]
  6%|▌         | 11/180 [01:51<28:33, 10.14s/it]
  7%|▋         | 12/180 [02:01<28:15, 10.09s/it]
  7%|▋         | 13/180 [02:11<27:59, 10.06s/it]
  8%|▊         | 14/180 [02:21<27:44, 10.03s/it]
  8%|▊         | 15/180 [02:31<27:27,  9.98s/it]
                                                

  8%|▊         | 15/180 [02:31<27:27,  9.98s/it]
  9%|▉         | 16/180 [02:41<27:27, 10.04s/it]
  9%|▉         | 17/180 [02:51<27:23, 10.08s/it]
 10%|█         | 18/180 [03:02<27:18, 10.11s/it]
 11%|█         | 19/180 [03:12<27:03, 10.09s/it]
 11%|█         | 20/180 [03:22<26:59, 10.12s/it]
                                                

 11%|█         | 20/180 [03:22<26:59, 10.12s/it]
 12%|█▏        | 21/180 [03:31<26:25,  9.97s/it]
 12%|█▏        | 22/180 [03:41<26:00,  9.88s/it]
 13%|█▎        | 23/180 [03:51<26:05,  9.97s/it]
 13%|█▎        | 24/180 [04:01<26:00, 10.00s/it]
 14%|█▍        | 25/180 [04:12<26:01, 10.07s/it]
                                                

 14%|█▍        | 25/180 [04:12<26:01, 10.07s/it]
 14%|█▍        | 26/180 [04:22<25:59, 10.13s/it]
 15%|█▌        | 27/180 [04:32<25:53, 10.15s/it]
 16%|█▌        | 28/180 [04:42<25:37, 10.11s/it]
 16%|█▌        | 29/180 [04:52<25:28, 10.12s/it]
 17%|█▋        | 30/180 [05:03<25:26, 10.18s/it]
                                                

 17%|█▋        | 30/180 [05:03<25:26, 10.18s/it]
 17%|█▋        | 31/180 [05:13<25:23, 10.23s/it]
 18%|█▊        | 32/180 [05:23<25:27, 10.32s/it]
 18%|█▊        | 33/180 [05:34<25:32, 10.43s/it]
 19%|█▉        | 34/180 [05:44<25:19, 10.41s/it]
 19%|█▉        | 35/180 [05:55<25:12, 10.43s/it]
                                                

 19%|█▉        | 35/180 [05:55<25:12, 10.43s/it]
 20%|██        | 36/180 [05:56<18:26,  7.68s/it]
 21%|██        | 37/180 [06:07<20:14,  8.50s/it]
 21%|██        | 38/180 [06:17<21:29,  9.08s/it]
 22%|██▏       | 39/180 [06:28<22:24,  9.54s/it]
 22%|██▏       | 40/180 [06:38<22:53,  9.81s/it]
                                                

 22%|██▏       | 40/180 [06:38<22:53,  9.81s/it]
 23%|██▎       | 41/180 [06:49<23:11, 10.01s/it]
 23%|██▎       | 42/180 [06:59<23:28, 10.21s/it]
 24%|██▍       | 43/180 [07:10<23:27, 10.27s/it]
 24%|██▍       | 44/180 [07:20<23:09, 10.22s/it]
 25%|██▌       | 45/180 [07:30<23:01, 10.23s/it]
                                                

 25%|██▌       | 45/180 [07:30<23:01, 10.23s/it]
 26%|██▌       | 46/180 [07:40<22:46, 10.20s/it]
 26%|██▌       | 47/180 [07:50<22:41, 10.24s/it]
 27%|██▋       | 48/180 [08:01<22:29, 10.22s/it]
 27%|██▋       | 49/180 [08:11<22:10, 10.15s/it]
 28%|██▊       | 50/180 [08:21<22:00, 10.16s/it]
                                                

 28%|██▊       | 50/180 [08:21<22:00, 10.16s/it][INFO|trainer.py:4623] 2026-07-17 15:50:10,830 >> 
***** Running Evaluation *****
[INFO|trainer.py:4625] 2026-07-17 15:50:10,830 >>   Num examples = 32
[INFO|trainer.py:4628] 2026-07-17 15:50:10,830 >>   Batch size = 2
{'loss': 1.5826, 'grad_norm': 0.7166681885719299, 'learning_rate': 2.2222222222222223e-05, 'epoch': 0.14}
{'loss': 1.3418, 'grad_norm': 0.5410316586494446, 'learning_rate': 5e-05, 'epoch': 0.28}
{'loss': 1.4469, 'grad_norm': 0.3555677831172943, 'learning_rate': 7.777777777777778e-05, 'epoch': 0.43}
{'loss': 1.4677, 'grad_norm': 0.21681345999240875, 'learning_rate': 9.999059852242507e-05, 'epoch': 0.57}
{'loss': 1.3231, 'grad_norm': 0.1692272275686264, 'learning_rate': 9.966191788709716e-05, 'epoch': 0.71}
{'loss': 1.2283, 'grad_norm': 0.1427084505558014, 'learning_rate': 9.88666929125318e-05, 'epoch': 0.85}
{'loss': 1.3844, 'grad_norm': 0.13213320076465607, 'learning_rate': 9.761239426692077e-05, 'epoch': 1.0}
{'loss': 1.4005, 'grad_norm': 0.10926897823810577, 'learning_rate': 9.591080534401371e-05, 'epoch': 1.11}
{'loss': 1.2813, 'grad_norm': 0.1376299262046814, 'learning_rate': 9.377791156510455e-05, 'epoch': 1.26}
{'loss': 1.3291, 'grad_norm': 0.13781839609146118, 'learning_rate': 9.123375020545535e-05, 'epoch': 1.4}


  0%|          | 0/16 [00:00<?, ?it/s][A

 12%|█▎        | 2/16 [00:00<00:02,  5.48it/s][A

 19%|█▉        | 3/16 [00:00<00:03,  3.94it/s][A

 25%|██▌       | 4/16 [00:01<00:03,  3.45it/s][A

 31%|███▏      | 5/16 [00:01<00:03,  3.25it/s][A

 38%|███▊      | 6/16 [00:01<00:03,  3.12it/s][A

 44%|████▍     | 7/16 [00:02<00:02,  3.05it/s][A

 50%|█████     | 8/16 [00:02<00:02,  3.00it/s][A

 56%|█████▋    | 9/16 [00:02<00:02,  2.96it/s][A

 62%|██████▎   | 10/16 [00:03<00:02,  2.93it/s][A

 69%|██████▉   | 11/16 [00:03<00:01,  2.90it/s][A

 75%|███████▌  | 12/16 [00:03<00:01,  2.90it/s][A

 81%|████████▏ | 13/16 [00:04<00:01,  2.90it/s][A

 88%|████████▊ | 14/16 [00:04<00:00,  2.89it/s][A

 94%|█████████▍| 15/16 [00:04<00:00,  2.88it/s][A

100%|██████████| 16/16 [00:05<00:00,  2.91it/s][A
                                                


                                               
[A
 28%|██▊       | 50/180 [08:26<22:00, 10.16s/it]

100%|██████████| 16/16 [00:05<00:00,  2.91it/s][A

                                               [A
 28%|██▊       | 51/180 [08:36<25:23, 11.81s/it]
 29%|██▉       | 52/180 [08:47<24:14, 11.36s/it]
 29%|██▉       | 53/180 [08:57<23:33, 11.13s/it]
 30%|███       | 54/180 [09:08<23:04, 10.99s/it]
 31%|███       | 55/180 [09:19<22:59, 11.03s/it]
                                                

 31%|███       | 55/180 [09:19<22:59, 11.03s/it]
 31%|███       | 56/180 [09:30<22:25, 10.85s/it]
 32%|███▏      | 57/180 [09:40<21:47, 10.63s/it]
 32%|███▏      | 58/180 [09:50<21:12, 10.43s/it]
 33%|███▎      | 59/180 [09:59<20:40, 10.25s/it]
 33%|███▎      | 60/180 [10:09<20:16, 10.13s/it]
                                                

 33%|███▎      | 60/180 [10:09<20:16, 10.13s/it]
 34%|███▍      | 61/180 [10:19<19:58, 10.07s/it]
 34%|███▍      | 62/180 [10:29<19:38,  9.99s/it]
 35%|███▌      | 63/180 [10:39<19:21,  9.93s/it]
 36%|███▌      | 64/180 [10:49<19:11,  9.92s/it]
 36%|███▌      | 65/180 [10:59<19:00,  9.92s/it]
                                                

 36%|███▌      | 65/180 [10:59<19:00,  9.92s/it]
 37%|███▋      | 66/180 [11:08<18:46,  9.88s/it]
 37%|███▋      | 67/180 [11:18<18:37,  9.89s/it]
 38%|███▊      | 68/180 [11:28<18:30,  9.92s/it]
 38%|███▊      | 69/180 [11:38<18:15,  9.87s/it]
 39%|███▉      | 70/180 [11:48<18:04,  9.86s/it]
                                                

 39%|███▉      | 70/180 [11:48<18:04,  9.86s/it]
 39%|███▉      | 71/180 [11:58<17:51,  9.83s/it]
 40%|████      | 72/180 [11:59<13:02,  7.25s/it]
 41%|████      | 73/180 [12:09<14:17,  8.01s/it]
 41%|████      | 74/180 [12:19<15:05,  8.54s/it]
 42%|████▏     | 75/180 [12:28<15:35,  8.91s/it]
                                                

 42%|████▏     | 75/180 [12:28<15:35,  8.91s/it]
 42%|████▏     | 76/180 [12:38<15:55,  9.18s/it]
 43%|████▎     | 77/180 [12:48<16:04,  9.36s/it]
 43%|████▎     | 78/180 [12:58<16:09,  9.51s/it]
 44%|████▍     | 79/180 [13:08<16:08,  9.59s/it]
 44%|████▍     | 80/180 [13:17<16:04,  9.65s/it]
                                                

 44%|████▍     | 80/180 [13:17<16:04,  9.65s/it]
 45%|████▌     | 81/180 [13:27<15:58,  9.68s/it]
 46%|████▌     | 82/180 [13:37<15:52,  9.71s/it]
 46%|████▌     | 83/180 [13:47<15:44,  9.73s/it]
 47%|████▋     | 84/180 [13:56<15:36,  9.75s/it]
 47%|████▋     | 85/180 [14:06<15:27,  9.76s/it]
                                                

 47%|████▋     | 85/180 [14:06<15:27,  9.76s/it]
 48%|████▊     | 86/180 [14:16<15:23,  9.83s/it]
 48%|████▊     | 87/180 [14:26<15:21,  9.91s/it]
 49%|████▉     | 88/180 [14:37<15:26, 10.07s/it]
 49%|████▉     | 89/180 [14:47<15:28, 10.21s/it]
 50%|█████     | 90/180 [14:58<15:26, 10.29s/it]
                                                

 50%|█████     | 90/180 [14:58<15:26, 10.29s/it]
 51%|█████     | 91/180 [15:08<15:15, 10.29s/it]
 51%|█████     | 92/180 [15:18<15:05, 10.29s/it]
 52%|█████▏    | 93/180 [15:29<14:56, 10.30s/it]
 52%|█████▏    | 94/180 [15:39<14:48, 10.33s/it]
 53%|█████▎    | 95/180 [15:49<14:40, 10.35s/it]
                                                

 53%|█████▎    | 95/180 [15:49<14:40, 10.35s/it]
 53%|█████▎    | 96/180 [16:00<14:27, 10.33s/it]
 54%|█████▍    | 97/180 [16:10<14:13, 10.28s/it]
 54%|█████▍    | 98/180 [16:20<14:03, 10.29s/it]
 55%|█████▌    | 99/180 [16:31<13:54, 10.30s/it]
 56%|█████▌    | 100/180 [16:41<13:39, 10.24s/it]
                                                 

 56%|█████▌    | 100/180 [16:41<13:39, 10.24s/it][INFO|trainer.py:4623] 2026-07-17 15:58:30,672 >> 
***** Running Evaluation *****
[INFO|trainer.py:4625] 2026-07-17 15:58:30,672 >>   Num examples = 32
[INFO|trainer.py:4628] 2026-07-17 15:58:30,673 >>   Batch size = 2
{'eval_loss': 1.2909876108169556, 'eval_runtime': 5.6077, 'eval_samples_per_second': 5.706, 'eval_steps_per_second': 2.853, 'epoch': 1.4}
{'loss': 1.2547, 'grad_norm': 0.13406461477279663, 'learning_rate': 8.83022221559489e-05, 'epoch': 1.54}
{'loss': 1.1926, 'grad_norm': 0.13044172525405884, 'learning_rate': 8.501086738835843e-05, 'epoch': 1.68}
{'loss': 1.2858, 'grad_norm': 0.14005663990974426, 'learning_rate': 8.139060623360493e-05, 'epoch': 1.83}
{'loss': 1.2294, 'grad_norm': 0.15468470752239227, 'learning_rate': 7.74754489035403e-05, 'epoch': 1.97}
{'loss': 1.2775, 'grad_norm': 0.14011308550834656, 'learning_rate': 7.330217598512695e-05, 'epoch': 2.09}
{'loss': 1.2377, 'grad_norm': 0.1374913603067398, 'learning_rate': 6.890999290858214e-05, 'epoch': 2.23}
{'loss': 1.2204, 'grad_norm': 0.17091695964336395, 'learning_rate': 6.434016163555452e-05, 'epoch': 2.37}
{'loss': 1.2167, 'grad_norm': 0.15120455622673035, 'learning_rate': 5.963561302740449e-05, 'epoch': 2.51}
{'loss': 1.273, 'grad_norm': 0.16417358815670013, 'learning_rate': 5.484054353515896e-05, 'epoch': 2.65}
{'loss': 1.2172, 'grad_norm': 0.15253274142742157, 'learning_rate': 5e-05, 'epoch': 2.8}


  0%|          | 0/16 [00:00<?, ?it/s][A

 12%|█▎        | 2/16 [00:00<00:02,  5.36it/s][A

 19%|█▉        | 3/16 [00:00<00:03,  3.82it/s][A

 25%|██▌       | 4/16 [00:01<00:03,  3.36it/s][A

 31%|███▏      | 5/16 [00:01<00:03,  3.15it/s][A

 38%|███▊      | 6/16 [00:01<00:03,  3.04it/s][A

 44%|████▍     | 7/16 [00:02<00:03,  2.99it/s][A

 50%|█████     | 8/16 [00:02<00:02,  2.95it/s][A

 56%|█████▋    | 9/16 [00:02<00:02,  2.93it/s][A

 62%|██████▎   | 10/16 [00:03<00:02,  2.91it/s][A

 69%|██████▉   | 11/16 [00:03<00:01,  2.90it/s][A

 75%|███████▌  | 12/16 [00:03<00:01,  2.90it/s][A

 81%|████████▏ | 13/16 [00:04<00:01,  2.89it/s][A

 88%|████████▊ | 14/16 [00:04<00:00,  2.89it/s][A

 94%|█████████▍| 15/16 [00:04<00:00,  2.88it/s][A

100%|██████████| 16/16 [00:05<00:00,  2.92it/s][A
                                                 


                                               
[A
 56%|█████▌    | 100/180 [16:46<13:39, 10.24s/it]

100%|██████████| 16/16 [00:05<00:00,  2.92it/s][A

                                               [A
 56%|█████▌    | 101/180 [16:57<15:45, 11.97s/it]
 57%|█████▋    | 102/180 [17:07<14:54, 11.47s/it]
 57%|█████▋    | 103/180 [17:17<14:15, 11.11s/it]
 58%|█████▊    | 104/180 [17:28<13:50, 10.93s/it]
 58%|█████▊    | 105/180 [17:38<13:24, 10.73s/it]
                                                 

 58%|█████▊    | 105/180 [17:38<13:24, 10.73s/it]
 59%|█████▉    | 106/180 [17:48<13:05, 10.62s/it]
 59%|█████▉    | 107/180 [17:59<12:48, 10.53s/it]
 60%|██████    | 108/180 [18:00<09:17,  7.75s/it]
 61%|██████    | 109/180 [18:10<10:03,  8.50s/it]
 61%|██████    | 110/180 [18:21<10:34,  9.07s/it]
                                                 

 61%|██████    | 110/180 [18:21<10:34,  9.07s/it]
 62%|██████▏   | 111/180 [18:31<10:53,  9.47s/it]
 62%|██████▏   | 112/180 [18:41<11:01,  9.73s/it]
 63%|██████▎   | 113/180 [18:52<11:04,  9.91s/it]
 63%|██████▎   | 114/180 [19:02<11:01, 10.02s/it]
 64%|██████▍   | 115/180 [19:12<10:57, 10.12s/it]
                                                 

 64%|██████▍   | 115/180 [19:12<10:57, 10.12s/it]
 64%|██████▍   | 116/180 [19:23<10:52, 10.20s/it]
 65%|██████▌   | 117/180 [19:33<10:44, 10.23s/it]
 66%|██████▌   | 118/180 [19:44<10:40, 10.33s/it]
 66%|██████▌   | 119/180 [19:53<10:21, 10.19s/it]
 67%|██████▋   | 120/180 [20:03<10:04, 10.08s/it]
                                                 

 67%|██████▋   | 120/180 [20:03<10:04, 10.08s/it]
 67%|██████▋   | 121/180 [20:13<09:51, 10.03s/it]
 68%|██████▊   | 122/180 [20:23<09:42, 10.05s/it]
 68%|██████▊   | 123/180 [20:33<09:32, 10.05s/it]
 69%|██████▉   | 124/180 [20:43<09:24, 10.09s/it]
 69%|██████▉   | 125/180 [20:53<09:12, 10.04s/it]
                                                 

 69%|██████▉   | 125/180 [20:53<09:12, 10.04s/it]
 70%|███████   | 126/180 [21:03<09:02, 10.05s/it]
 71%|███████   | 127/180 [21:13<08:52, 10.04s/it]
 71%|███████   | 128/180 [21:24<08:43, 10.06s/it]
 72%|███████▏  | 129/180 [21:34<08:32, 10.04s/it]
 72%|███████▏  | 130/180 [21:43<08:20, 10.01s/it]
                                                 

 72%|███████▏  | 130/180 [21:44<08:20, 10.01s/it]
 73%|███████▎  | 131/180 [21:54<08:12, 10.05s/it]
 73%|███████▎  | 132/180 [22:04<08:01, 10.04s/it]
 74%|███████▍  | 133/180 [22:14<07:51, 10.03s/it]
 74%|███████▍  | 134/180 [22:24<07:42, 10.05s/it]
 75%|███████▌  | 135/180 [22:34<07:30, 10.01s/it]
                                                 

 75%|███████▌  | 135/180 [22:34<07:30, 10.01s/it]
 76%|███████▌  | 136/180 [22:44<07:22, 10.06s/it]
 76%|███████▌  | 137/180 [22:54<07:13, 10.07s/it]
 77%|███████▋  | 138/180 [23:04<07:01, 10.03s/it]
 77%|███████▋  | 139/180 [23:14<06:52, 10.06s/it]
 78%|███████▊  | 140/180 [23:24<06:42, 10.07s/it]
                                                 

 78%|███████▊  | 140/180 [23:24<06:42, 10.07s/it]
 78%|███████▊  | 141/180 [23:34<06:33, 10.10s/it]
 79%|███████▉  | 142/180 [23:44<06:24, 10.12s/it]
 79%|███████▉  | 143/180 [23:54<06:11, 10.05s/it]
 80%|████████  | 144/180 [23:56<04:26,  7.40s/it]
 81%|████████  | 145/180 [24:05<04:44,  8.14s/it]
                                                 

 81%|████████  | 145/180 [24:05<04:44,  8.14s/it]
 81%|████████  | 146/180 [24:15<04:54,  8.68s/it]
 82%|████████▏ | 147/180 [24:25<04:59,  9.07s/it]
 82%|████████▏ | 148/180 [24:35<05:00,  9.40s/it]
 83%|████████▎ | 149/180 [24:46<04:57,  9.59s/it]
 83%|████████▎ | 150/180 [24:55<04:50,  9.68s/it]
                                                 

 83%|████████▎ | 150/180 [24:55<04:50,  9.68s/it][INFO|trainer.py:4623] 2026-07-17 16:06:45,441 >> 
***** Running Evaluation *****
[INFO|trainer.py:4625] 2026-07-17 16:06:45,441 >>   Num examples = 32
[INFO|trainer.py:4628] 2026-07-17 16:06:45,441 >>   Batch size = 2
{'eval_loss': 1.2710232734680176, 'eval_runtime': 5.6553, 'eval_samples_per_second': 5.658, 'eval_steps_per_second': 2.829, 'epoch': 2.8}
{'loss': 1.1951, 'grad_norm': 0.1685827523469925, 'learning_rate': 4.515945646484105e-05, 'epoch': 2.94}
{'loss': 1.3624, 'grad_norm': 0.1662132292985916, 'learning_rate': 4.036438697259551e-05, 'epoch': 3.06}
{'loss': 1.2164, 'grad_norm': 0.1794338971376419, 'learning_rate': 3.5659838364445505e-05, 'epoch': 3.2}
{'loss': 1.2208, 'grad_norm': 0.16979649662971497, 'learning_rate': 3.1090007091417875e-05, 'epoch': 3.34}
{'loss': 1.2189, 'grad_norm': 0.1880008578300476, 'learning_rate': 2.6697824014873075e-05, 'epoch': 3.48}
{'loss': 1.3182, 'grad_norm': 0.17895619571208954, 'learning_rate': 2.25245510964597e-05, 'epoch': 3.63}
{'loss': 1.1485, 'grad_norm': 0.2016955316066742, 'learning_rate': 1.8609393766395078e-05, 'epoch': 3.77}
{'loss': 1.1533, 'grad_norm': 0.2125161737203598, 'learning_rate': 1.4989132611641576e-05, 'epoch': 3.91}
{'loss': 1.3062, 'grad_norm': 0.17221949994564056, 'learning_rate': 1.1697777844051105e-05, 'epoch': 4.03}
{'loss': 1.144, 'grad_norm': 0.1721128225326538, 'learning_rate': 8.766249794544662e-06, 'epoch': 4.17}


  0%|          | 0/16 [00:00<?, ?it/s][A

 12%|█▎        | 2/16 [00:00<00:02,  5.64it/s][A

 19%|█▉        | 3/16 [00:00<00:03,  3.98it/s][A

 25%|██▌       | 4/16 [00:01<00:03,  3.50it/s][A

 31%|███▏      | 5/16 [00:01<00:03,  3.29it/s][A

 38%|███▊      | 6/16 [00:01<00:03,  3.17it/s][A

 44%|████▍     | 7/16 [00:02<00:02,  3.11it/s][A

 50%|█████     | 8/16 [00:02<00:02,  3.07it/s][A

 56%|█████▋    | 9/16 [00:02<00:02,  3.04it/s][A

 62%|██████▎   | 10/16 [00:03<00:01,  3.02it/s][A

 69%|██████▉   | 11/16 [00:03<00:01,  3.01it/s][A

 75%|███████▌  | 12/16 [00:03<00:01,  2.99it/s][A

 81%|████████▏ | 13/16 [00:04<00:01,  2.98it/s][A

 88%|████████▊ | 14/16 [00:04<00:00,  2.97it/s][A

 94%|█████████▍| 15/16 [00:04<00:00,  2.97it/s][A

100%|██████████| 16/16 [00:05<00:00,  3.00it/s][A
                                                 


                                               
[A
 83%|████████▎ | 150/180 [25:01<04:50,  9.68s/it]

100%|██████████| 16/16 [00:05<00:00,  3.00it/s][A

                                               [A
 84%|████████▍ | 151/180 [25:11<05:30, 11.41s/it]
 84%|████████▍ | 152/180 [25:21<05:10, 11.11s/it]
 85%|████████▌ | 153/180 [25:31<04:52, 10.84s/it]
 86%|████████▌ | 154/180 [25:42<04:35, 10.60s/it]
 86%|████████▌ | 155/180 [25:52<04:21, 10.45s/it]
                                                 

 86%|████████▌ | 155/180 [25:52<04:21, 10.45s/it]
 87%|████████▋ | 156/180 [26:02<04:08, 10.34s/it]
 87%|████████▋ | 157/180 [26:12<03:55, 10.24s/it]
 88%|████████▊ | 158/180 [26:22<03:43, 10.15s/it]
 88%|████████▊ | 159/180 [26:32<03:32, 10.13s/it]
 89%|████████▉ | 160/180 [26:42<03:22, 10.11s/it]
                                                 

 89%|████████▉ | 160/180 [26:42<03:22, 10.11s/it]
 89%|████████▉ | 161/180 [26:52<03:12, 10.12s/it]
 90%|█████████ | 162/180 [27:02<03:00, 10.05s/it]
 91%|█████████ | 163/180 [27:12<02:51, 10.07s/it]
 91%|█████████ | 164/180 [27:22<02:41, 10.09s/it]
 92%|█████████▏| 165/180 [27:32<02:30, 10.05s/it]
                                                 

 92%|█████████▏| 165/180 [27:32<02:30, 10.05s/it]
 92%|█████████▏| 166/180 [27:43<02:23, 10.23s/it]
 93%|█████████▎| 167/180 [27:54<02:16, 10.52s/it]
 93%|█████████▎| 168/180 [28:04<02:05, 10.45s/it]
 94%|█████████▍| 169/180 [28:14<01:53, 10.36s/it]
 94%|█████████▍| 170/180 [28:24<01:42, 10.29s/it]
                                                 

 94%|█████████▍| 170/180 [28:24<01:42, 10.29s/it]
 95%|█████████▌| 171/180 [28:35<01:32, 10.25s/it]
 96%|█████████▌| 172/180 [28:45<01:21, 10.24s/it]
 96%|█████████▌| 173/180 [28:55<01:11, 10.24s/it]
 97%|█████████▋| 174/180 [29:05<01:01, 10.23s/it]
 97%|█████████▋| 175/180 [29:16<00:51, 10.25s/it]
                                                 

 97%|█████████▋| 175/180 [29:16<00:51, 10.25s/it]
 98%|█████████▊| 176/180 [29:26<00:41, 10.26s/it]
 98%|█████████▊| 177/180 [29:36<00:30, 10.25s/it]
 99%|█████████▉| 178/180 [29:46<00:20, 10.24s/it]
 99%|█████████▉| 179/180 [29:56<00:10, 10.23s/it]
100%|██████████| 180/180 [29:58<00:00,  7.53s/it]
                                                 

100%|██████████| 180/180 [29:58<00:00,  7.53s/it][INFO|trainer.py:4289] 2026-07-17 16:11:47,757 >> Saving model checkpoint to saves/week3/qwen/r8_lr1e-4_ep5\checkpoint-180
[INFO|configuration_utils.py:763] 2026-07-17 16:11:47,770 >> loading configuration file models/Qwen2.5-3B-Instruct\config.json
[INFO|configuration_utils.py:839] 2026-07-17 16:11:47,771 >> Model config Qwen2Config {
  "architectures": [
    "Qwen2ForCausalLM"
  ],
  "attention_dropout": 0.0,
  "bos_token_id": 151643,
  "dtype": "bfloat16",
  "eos_token_id": 151645,
  "hidden_act": "silu",
  "hidden_size": 2048,
  "initializer_range": 0.02,
  "intermediate_size": 11008,
  "layer_types": [
    "full_attention",
    "full_attention",
    "full_attention",
    "full_attention",
    "full_attention",
    "full_attention",
    "full_attention",
    "full_attention",
    "full_attention",
    "full_attention",
    "full_attention",
    "full_attention",
    "full_attention",
    "full_attention",
    "full_attention",
    "full_attention",
    "full_attention",
    "full_attention",
    "full_attention",
    "full_attention",
    "full_attention",
    "full_attention",
    "full_attention",
    "full_attention",
    "full_attention",
    "full_attention",
    "full_attention",
    "full_attention",
    "full_attention",
    "full_attention",
    "full_attention",
    "full_attention",
    "full_attention",
    "full_attention",
    "full_attention",
    "full_attention"
  ],
  "max_position_embeddings": 32768,
  "max_window_layers": 70,
  "model_type": "qwen2",
  "num_attention_heads": 16,
  "num_hidden_layers": 36,
  "num_key_value_heads": 2,
  "rms_norm_eps": 1e-06,
  "rope_scaling": null,
  "rope_theta": 1000000.0,
  "sliding_window": null,
  "tie_word_embeddings": true,
  "transformers_version": "4.56.2",
  "use_cache": true,
  "use_sliding_window": false,
  "vocab_size": 151936
}

[INFO|tokenization_utils_base.py:2394] 2026-07-17 16:11:47,809 >> chat template saved in saves/week3/qwen/r8_lr1e-4_ep5\checkpoint-180\chat_template.jinja
[INFO|tokenization_utils_base.py:2563] 2026-07-17 16:11:47,810 >> tokenizer config file saved in saves/week3/qwen/r8_lr1e-4_ep5\checkpoint-180\tokenizer_config.json
[INFO|tokenization_utils_base.py:2572] 2026-07-17 16:11:47,810 >> Special tokens file saved in saves/week3/qwen/r8_lr1e-4_ep5\checkpoint-180\special_tokens_map.json
[INFO|trainer.py:2808] 2026-07-17 16:11:48,007 >> 

Training completed. Do not forget to share your model on huggingface.co/models =)



                                                 

100%|██████████| 180/180 [29:58<00:00,  7.53s/it]
100%|██████████| 180/180 [29:58<00:00,  9.99s/it]
[INFO|trainer.py:4289] 2026-07-17 16:11:48,010 >> Saving model checkpoint to saves/week3/qwen/r8_lr1e-4_ep5
[INFO|configuration_utils.py:763] 2026-07-17 16:11:48,025 >> loading configuration file models/Qwen2.5-3B-Instruct\config.json
[INFO|configuration_utils.py:839] 2026-07-17 16:11:48,025 >> Model config Qwen2Config {
  "architectures": [
    "Qwen2ForCausalLM"
  ],
  "attention_dropout": 0.0,
  "bos_token_id": 151643,
  "dtype": "bfloat16",
  "eos_token_id": 151645,
  "hidden_act": "silu",
  "hidden_size": 2048,
  "initializer_range": 0.02,
  "intermediate_size": 11008,
  "layer_types": [
    "full_attention",
    "full_attention",
    "full_attention",
    "full_attention",
    "full_attention",
    "full_attention",
    "full_attention",
    "full_attention",
    "full_attention",
    "full_attention",
    "full_attention",
    "full_attention",
    "full_attention",
    "full_attention",
    "full_attention",
    "full_attention",
    "full_attention",
    "full_attention",
    "full_attention",
    "full_attention",
    "full_attention",
    "full_attention",
    "full_attention",
    "full_attention",
    "full_attention",
    "full_attention",
    "full_attention",
    "full_attention",
    "full_attention",
    "full_attention",
    "full_attention",
    "full_attention",
    "full_attention",
    "full_attention",
    "full_attention",
    "full_attention"
  ],
  "max_position_embeddings": 32768,
  "max_window_layers": 70,
  "model_type": "qwen2",
  "num_attention_heads": 16,
  "num_hidden_layers": 36,
  "num_key_value_heads": 2,
  "rms_norm_eps": 1e-06,
  "rope_scaling": null,
  "rope_theta": 1000000.0,
  "sliding_window": null,
  "tie_word_embeddings": true,
  "transformers_version": "4.56.2",
  "use_cache": true,
  "use_sliding_window": false,
  "vocab_size": 151936
}

[INFO|tokenization_utils_base.py:2394] 2026-07-17 16:11:48,066 >> chat template saved in saves/week3/qwen/r8_lr1e-4_ep5\chat_template.jinja
[INFO|tokenization_utils_base.py:2563] 2026-07-17 16:11:48,066 >> tokenizer config file saved in saves/week3/qwen/r8_lr1e-4_ep5\tokenizer_config.json
[INFO|tokenization_utils_base.py:2572] 2026-07-17 16:11:48,067 >> Special tokens file saved in saves/week3/qwen/r8_lr1e-4_ep5\special_tokens_map.json
{'eval_loss': 1.2661621570587158, 'eval_runtime': 5.4518, 'eval_samples_per_second': 5.87, 'eval_steps_per_second': 2.935, 'epoch': 4.17}
{'loss': 1.2813, 'grad_norm': 0.1718945950269699, 'learning_rate': 6.222088434895462e-06, 'epoch': 4.31}
{'loss': 1.1735, 'grad_norm': 0.17808754742145538, 'learning_rate': 4.089194655986306e-06, 'epoch': 4.46}
{'loss': 1.1882, 'grad_norm': 0.18018542230129242, 'learning_rate': 2.3876057330792346e-06, 'epoch': 4.6}
{'loss': 1.2315, 'grad_norm': 0.17242296040058136, 'learning_rate': 1.1333070874682216e-06, 'epoch': 4.74}
{'loss': 1.2533, 'grad_norm': 0.17772948741912842, 'learning_rate': 3.380821129028489e-07, 'epoch': 4.88}
{'loss': 1.2276, 'grad_norm': 0.46115872263908386, 'learning_rate': 9.401477574932926e-09, 'epoch': 5.0}
{'train_runtime': 1798.4801, 'train_samples_per_second': 1.562, 'train_steps_per_second': 0.1, 'train_loss': 1.273057712448968, 'epoch': 5.0}
***** train metrics *****
  epoch                    =        5.0
  total_flos               = 89712191GF
  train_loss               =     1.2731
  train_runtime            = 0:29:58.48
  train_samples_per_second =      1.562
  train_steps_per_second   =        0.1
Figure saved at: saves/week3/qwen/r8_lr1e-4_ep5\training_loss.png
Figure saved at: saves/week3/qwen/r8_lr1e-4_ep5\training_eval_loss.png
[WARNING|2026-07-17 16:11:48] llamafactory.extras.ploting:149 >> No metric eval_accuracy to plot.
[INFO|trainer.py:4623] 2026-07-17 16:11:48,259 >> 
***** Running Evaluation *****
[INFO|trainer.py:4625] 2026-07-17 16:11:48,259 >>   Num examples = 32
[INFO|trainer.py:4628] 2026-07-17 16:11:48,259 >>   Batch size = 2

  0%|          | 0/16 [00:00<?, ?it/s]
 12%|█▎        | 2/16 [00:00<00:03,  4.24it/s]
 19%|█▉        | 3/16 [00:00<00:04,  3.00it/s]
 25%|██▌       | 4/16 [00:01<00:04,  2.63it/s]
 31%|███▏      | 5/16 [00:01<00:04,  2.48it/s]
 38%|███▊      | 6/16 [00:02<00:04,  2.44it/s]
 44%|████▍     | 7/16 [00:02<00:03,  2.44it/s]
 50%|█████     | 8/16 [00:03<00:03,  2.46it/s]
 56%|█████▋    | 9/16 [00:03<00:02,  2.52it/s]
 62%|██████▎   | 10/16 [00:03<00:02,  2.58it/s]
 69%|██████▉   | 11/16 [00:04<00:01,  2.63it/s]
 75%|███████▌  | 12/16 [00:04<00:01,  2.69it/s]
 81%|████████▏ | 13/16 [00:04<00:01,  2.74it/s]
 88%|████████▊ | 14/16 [00:05<00:00,  2.80it/s]
 94%|█████████▍| 15/16 [00:05<00:00,  2.83it/s]
100%|██████████| 16/16 [00:05<00:00,  2.89it/s]
100%|██████████| 16/16 [00:05<00:00,  2.71it/s]
[INFO|modelcard.py:456] 2026-07-17 16:11:54,765 >> Dropping the following result as it does not have all the necessary fields:
{'task': {'name': 'Causal Language Modeling', 'type': 'text-generation'}}
***** eval metrics *****
  epoch                   =        5.0
  eval_loss               =      1.266
  eval_runtime            = 0:00:06.48
  eval_samples_per_second =      4.931
  eval_steps_per_second   =      2.466
